title,region,region_name,region_parent_name,price,is_boost,property_size,bedrooms,bathrooms,furnishing
4bdrm Duplex in Benin City for sale,"Edo State, Benin City",Benin City,Edo State,280000000.0,premium,1800.0,4.0,2.0,Unfurnished
"Furnished 4bdrm Duplex in Idado, Lekki Phase1 for sale","Lekki, Lekki Phase 1",Lekki Phase 1,Lekki,250000000.0,enterprise,500.0,4.0,4.0,Furnished
"3bdrm Bungalow in Abijo Oluwa, Ajah for sale","Lagos State, Ajah",Ajah,Lagos State,10000000.0,vip_gold,350.0,3.0,3.0,Semi-Furnished
"Furnished 3bdrm Block of Flats in Abijo, Labora, Ajah for sale","Lagos State, Ajah",Ajah,Lagos State,56000000.0,vip_gold,650.0,3.0,3.0,Furnished
"Furnished 4bdrm Duplex in Ikota Gra, Lekki for sale","Lagos State, Lekki",Lekki,Lagos State,140000000.0,vip_gold,180.0,4.0,4.0,Furnished
"3bdrm Bungalow in Abijo Gra Ext, Ajah for sale","Lagos State, Ajah",Ajah,Lagos State,65000000.0,vip_gold,650.0,3.0,3.0,Unfurnished
2bdrm Bungalow in Ita Oluwo for sale,"Ikorodu, Ita Oluwo",Ita Oluwo,Ikorodu,17000000.0,False,3345.0,2.0,3.0,Unfurnished
"Furnished 3bdrm Block of Flats in Abijo Gra, Ajah for sale","Lagos State, Ajah",Ajah,Lagos State,48000000.0,vip_gold,330.0,3.0,3.0,Furnished
"Furnished 2bdrm Block of Flats in Beside Mayfair, Ajah for sale","Lagos State, Ajah",Ajah,Lagos State,95000000.0,vip_gold,650.0,2.0,2.0,Furnished
"Furnished 4bdrm Duplex in Victory Villa Estate, Ajah for sale","Lagos State, Ajah",Ajah,Lagos State,180000000.0,vip_gold,650.0,4.0,4.0,Furnished
"3bdrm Duplex in Abijo, Off Flourish, Ajah for sale","Lagos State, Ajah",Ajah,Lagos State,120000000.0,vip_gold,650.0,3.0,3.0,Unfurnished
"4bdrm Block of Flats in Abijo Victory Villa, Ajah for sale","Lagos State, Ajah",Ajah,Lagos State,18000000.0,vip_gold,334.0,4.0,4.0,Unfurnished
"4bdrm Duplex in Abijo, Amity Estate, Ajah for sale","Lagos State, Ajah",Ajah,Lagos State,76000000.0,vip_gold,400.0,4.0,4.0,Unfurnished
"Furnished 3bdrm Block of Flats in Abijo, Tulipa Court, Ajah for sale","Lagos State, Ajah",Ajah,Lagos State,52000000.0,vip_gold,500.0,3.0,3.0,Furnished
"3bdrm Duplex in Abijo, Geenpark, Ajah for sale","Lagos State, Ajah",Ajah,Lagos State,58000000.0,vip_gold,230.0,3.0,3.0,Unfurnished
2bdrm Apartment in Abule Egba for sale,"Lagos State, Abule Egba",Abule Egba,Lagos State,70000000.0,False,100.0,2.0,2.0,Unfurnished
3bdrm Maisonette in Lekki Phase 1 for sale,"Lekki, Lekki Phase 1",Lekki Phase 1,Lekki,410000000.0,enterprise,300.0,3.0,3.0,Unfurnished
5bdrm Bungalow in Abeokuta South for sale,"Ogun State, Abeokuta South",Abeokuta South,Ogun State,30000000.0,False,590.0,5.0,5.0,Unfurnished
"3bdrm Bungalow in Pentville Estate, Lokogoma for sale","Abuja (FCT), Lokogoma",Lokogoma,Abuja (FCT),99999999.0,False,1500.0,3.0,3.0,Semi-Furnished
2bdrm Apartment in Sangotedo for sale,"Ajah, Sangotedo",Sangotedo,Ajah,55000000.0,enterprise,800.0,2.0,2.0,Unfurnished
Furnished 2bdrm Apartment in Lekki for sale,"Lagos State, Lekki",Lekki,Lagos State,140000000.0,enterprise,1500.0,2.0,2.0,Furnished
"4bdrm Duplex in Lekki County Homes, Ikota for sale","Lekki, Ikota",Ikota,Lekki,100000000.0,enterprise,800.0,4.0,4.0,Unfurnished
"5bdrm Duplex in Harris Drive, VGC / Ajah for sale","Ajah, VGC / Ajah",VGC / Ajah,Ajah,320000000.0,enterprise,600.0,5.0,5.0,Unfurnished
"4bdrm Duplex in Harris Drive, VGC / Ajah for sale","Ajah, VGC / Ajah",VGC / Ajah,Ajah,195000000.0,enterprise,500.0,4.0,4.0,Unfurnished
"4bdrm Duplex in Harris Drive, VGC / Ajah for sale","Ajah, VGC / Ajah",VGC / Ajah,Ajah,160000000.0,enterprise,1500.0,4.0,4.0,Unfurnished
"2bdrm Apartment in Harris Drive, VGC / Ajah for sale","Ajah, VGC / Ajah",VGC / Ajah,Ajah,95000000.0,enterprise,1000.0,2.0,2.0,Unfurnished
3bdrm Duplex in Ikate for sale,"Lekki, Ikate",Ikate,Lekki,195000000.0,enterprise,900.0,3.0,3.0,Unfurnished
20bdrm Block of Flats in Agege for sale,"Lagos State, Agege",Agege,Lagos State,60000000.0,False,1500.0,20.0,20.0,Unfurnished
5bdrm Duplex in Lekki Palm City for sale,"Ajah, Off Lekki-Epe Expressway",Off Lekki-Epe Expressway,Ajah,270000000.0,enterprise,300.0,5.0,6.0,Semi-Furnished
"4bdrm Duplex in Orchid, Ikota for sale","Lekki, Ikota",Ikota,Lekki,110000000.0,enterprise,1730.0,4.0,4.0,Unfurnished
"4bdrm Duplex in Atlantic Estate, Abraham Adesanya for sale","Surulere, Abraham Adesanya",Abraham Adesanya,Surulere,120000000.0,enterprise,300.0,4.0,4.0,Unfurnished
"3bdrm Apartment in Cromwell Court, Chevron for sale","Lekki, Chevron",Chevron,Lekki,145000000.0,enterprise,400.0,3.0,3.0,Unfurnished
2bdrm Apartment in Spg Road Ikate for sale,"Lekki, Ikate",Ikate,Lekki,200000000.0,enterprise,300.0,2.0,2.0,Unfurnished
Furnished 11bdrm Chalet in Oshimili South for sale,"Delta State, Oshimili South",Oshimili South,Delta State,220000000.0,basic,2008.0,11.0,12.0,Furnished
12bdrm Block of Flats in Behind Fidelity/Nasu for sale,"Oyo State, Ibadan",Ibadan,Oyo State,150000000.0,diamond,750.0,12.0,13.0,Unfurnished
"4bdrm Mansion in 3Rd Extension Gra, Ado Ekiti for sale","Ekiti State, Ado Ekiti",Ado Ekiti,Ekiti State,45000000.0,False,1000.0,4.0,5.0,Semi-Furnished
"4bdrm Duplex in Dpk Estate Orchid, Ajah for sale","Lagos State, Ajah",Ajah,Lagos State,370000000.0,False,500.0,4.0,4.0,Semi-Furnished
"Furnished 5bdrm Duplex in Almond Garden Estate, Enugu for sale","Enugu State, Enugu",Enugu,Enugu State,290000000.0,enterprise,500.0,5.0,6.0,Furnished
"Furnished 4bdrm Duplex in Almond Garden, Enugu for sale","Enugu State, Enugu",Enugu,Enugu State,220000000.0,enterprise,550.0,4.0,5.0,Furnished
"Furnished 5bdrm Duplex in Jedediah Extension, Enugu for sale","Enugu State, Enugu",Enugu,Enugu State,180000000.0,enterprise,500.0,5.0,6.0,Furnished
"Furnished 4bdrm Duplex in Independent Layout, Enugu for sale","Enugu State, Enugu",Enugu,Enugu State,390000000.0,enterprise,500.0,4.0,5.0,Furnished
"Furnished 3bdrm Bungalow in Citi Ville, Enugu for sale","Enugu State, Enugu",Enugu,Enugu State,110000000.0,enterprise,500.0,3.0,3.0,Furnished
"Furnished 6bdrm Duplex in Independent Layout, Enugu for sale","Enugu State, Enugu",Enugu,Enugu State,350000000.0,enterprise,500.0,6.0,7.0,Furnished
"Furnished 5bdrm Duplex in New Gra, Enugu for sale","Enugu State, Enugu",Enugu,Enugu State,310000000.0,enterprise,600.0,5.0,6.0,Furnished
"Furnished 5bdrm Duplex in Transekulu, Enugu for sale","Enugu State, Enugu",Enugu,Enugu State,320000000.0,enterprise,600.0,5.0,6.0,Furnished
"Furnished 4bdrm Duplex in Crystal Garden Court, Enugu for sale","Enugu State, Enugu",Enugu,Enugu State,300000000.0,enterprise,800.0,4.0,5.0,Furnished
"Furnished 5bdrm Duplex in Spotters, Enugu for sale","Enugu State, Enugu",Enugu,Enugu State,300000000.0,enterprise,800.0,5.0,6.0,Furnished
"Furnished 4bdrm Duplex in City Ville, Enugu for sale","Enugu State, Enugu",Enugu,Enugu State,165000000.0,enterprise,500.0,4.0,5.0,Furnished
"Furnished 5bdrm Duplex in Ap, Centenary City, Enugu for sale","Enugu State, Enugu",Enugu,Enugu State,220000000.0,enterprise,600.0,5.0,6.0,Furnished
"Furnished 4bdrm Duplex in Conraw Estate, Enugu for sale","Enugu State, Enugu",Enugu,Enugu State,120000000.0,enterprise,600.0,4.0,5.0,Furnished
"Furnished 4bdrm Duplex in Helui Gated Estate, Enugu for sale","Enugu State, Enugu",Enugu,Enugu State,210000000.0,enterprise,600.0,4.0,5.0,Furnished
"Furnished 3bdrm Duplex in Emene, Enugu for sale","Enugu State, Enugu",Enugu,Enugu State,115000000.0,enterprise,500.0,3.0,4.0,Furnished
"Furnished 2bdrm Bungalow in Conraw Estate, Enugu for sale","Enugu State, Enugu",Enugu,Enugu State,33000000.0,enterprise,500.0,2.0,3.0,Furnished
"Furnished 3bdrm Bungalow in Phase 6 Extension, Enugu for sale","Enugu State, Enugu",Enugu,Enugu State,58000000.0,enterprise,500.0,3.0,4.0,Furnished
"Furnished 4bdrm Duplex in Penoks, Enugu for sale","Enugu State, Enugu",Enugu,Enugu State,129000000.0,enterprise,500.0,4.0,5.0,Furnished
"Furnished 4bdrm Duplex in Emene, Enugu for sale","Enugu State, Enugu",Enugu,Enugu State,155000000.0,enterprise,500.0,4.0,5.0,Furnished
"Furnished 3bdrm Block of Flats in Thinkers Corner, Enugu for sale","Enugu State, Enugu",Enugu,Enugu State,260000000.0,enterprise,750.0,3.0,4.0,Furnished
"Furnished 5bdrm Duplex in Wtc, Enugu for sale","Enugu State, Enugu",Enugu,Enugu State,200000000.0,enterprise,500.0,5.0,6.0,Furnished
4bdrm Duplex in Star Gate Oluyole for sale,"Ibadan, Oluyole Estate",Oluyole Estate,Ibadan,190000000.0,enterprise,450.0,4.0,4.0,Semi-Furnished
"Furnished 5bdrm Duplex in New Gra, Enugu for sale","Enugu State, Enugu",Enugu,Enugu State,160000000.0,enterprise,500.0,5.0,6.0,Furnished
"Furnished 4bdrm Duplex in Agric Bank,, Enugu for sale","Enugu State, Enugu",Enugu,Enugu State,230000000.0,enterprise,500.0,4.0,5.0,Furnished
"Furnished 4bdrm Duplex in Goshen Estate,, Enugu for sale","Enugu State, Enugu",Enugu,Enugu State,230000000.0,enterprise,500.0,4.0,5.0,Furnished
"Furnished 4bdrm Duplex in Helui Estate, Enugu for sale","Enugu State, Enugu",Enugu,Enugu State,250000000.0,enterprise,600.0,4.0,4.0,Furnished
"Furnished 4bdrm Duplex in Republic Estate, Enugu for sale","Enugu State, Enugu",Enugu,Enugu State,280000000.0,enterprise,500.0,4.0,5.0,Furnished
"Furnished 3bdrm Bungalow in Almond Garden In, Enugu for sale","Enugu State, Enugu",Enugu,Enugu State,110000000.0,enterprise,500.0,3.0,4.0,Furnished
"Furnished 4bdrm Duplex in Lomalinda Estate, Enugu for sale","Enugu State, Enugu",Enugu,Enugu State,100000000.0,enterprise,500.0,4.0,5.0,Furnished
7bdrm Mansion in Asokoro for sale,"Abuja (FCT), Asokoro",Asokoro,Abuja (FCT),2350000000.0,False,1588.0,7.0,7.0,Semi-Furnished
Furnished 4bdrm Duplex in Ap Garden Centenary Enugu for sale,"Enugu State, Enugu",Enugu,Enugu State,150000000.0,enterprise,550.0,4.0,5.0,Furnished
"Furnished 6bdrm Duplex in Elshama Estate, Enugu for sale","Enugu State, Enugu",Enugu,Enugu State,280000000.0,enterprise,540.0,6.0,7.0,Furnished
"Furnished 4bdrm Duplex in Citi Ville, Enugu for sale","Enugu State, Enugu",Enugu,Enugu State,180000000.0,enterprise,500.0,4.0,5.0,Furnished
"3bdrm Duplex in Sunrise Estate, Enugu for sale","Enugu State, Enugu",Enugu,Enugu State,75000000.0,enterprise,450.0,3.0,4.0,Semi-Furnished
"Furnished 5bdrm Duplex in Phase 6Extension, Enugu for sale","Enugu State, Enugu",Enugu,Enugu State,110000000.0,enterprise,560.0,5.0,6.0,Furnished
"Furnished 4bdrm Duplex in Old Gra, Enugu for sale","Enugu State, Enugu",Enugu,Enugu State,650000000.0,enterprise,2400.0,4.0,5.0,Furnished
"Furnished 4bdrm Bungalow in Brw Gra, Enugu for sale","Enugu State, Enugu",Enugu,Enugu State,75000000.0,enterprise,500.0,4.0,5.0,Furnished
"2bdrm Bungalow in Breden, Karu for sale","Abuja (FCT), Karu",Karu,Abuja (FCT),35000000.0,False,500.0,2.0,3.0,Semi-Furnished
"Furnished 9bdrm Duplex in Independent Layout, Enugu for sale","Enugu State, Enugu",Enugu,Enugu State,450000000.0,enterprise,1000.0,9.0,10.0,Furnished
"Furnished 4bdrm Bungalow in New Heaven Extension, Enugu for sale","Enugu State, Enugu",Enugu,Enugu State,85000000.0,enterprise,500.0,4.0,5.0,Furnished
"Furnished 4bdrm Duplex in Almond Garden, Enugu for sale","Enugu State, Enugu",Enugu,Enugu State,145000000.0,enterprise,500.0,4.0,5.0,Furnished
"Furnished 4bdrm Duplex in Centenary, Enugu for sale","Enugu State, Enugu",Enugu,Enugu State,250000000.0,enterprise,600.0,4.0,4.0,Furnished
"Furnished 4bdrm Duplex in New Gra, Enugu for sale","Enugu State, Enugu",Enugu,Enugu State,155000000.0,enterprise,500.0,4.0,5.0,Furnished
"Furnished 4bdrm Duplex in Ivory Estate, Enugu for sale","Enugu State, Enugu",Enugu,Enugu State,300000000.0,enterprise,500.0,4.0,5.0,Furnished
"Furnished 4bdrm Duplex in Promise Land Estate, Enugu for sale","Enugu State, Enugu",Enugu,Enugu State,240000000.0,enterprise,500.0,4.0,5.0,Furnished
"Furnished 3bdrm Bungalow in Legacy Estate, Enugu for sale","Enugu State, Enugu",Enugu,Enugu State,70000000.0,enterprise,500.0,3.0,4.0,Furnished
"Furnished 4bdrm Bungalow in Legacy Estate, Enugu for sale","Enugu State, Enugu",Enugu,Enugu State,90000000.0,enterprise,600.0,4.0,5.0,Furnished
Furnished 3bdrm Block of Flats in Enugu for sale,"Enugu State, Enugu",Enugu,Enugu State,220000000.0,enterprise,750.0,3.0,4.0,Furnished
"Furnished 5bdrm Duplex in New Heaven, Enugu for sale","Enugu State, Enugu",Enugu,Enugu State,240000000.0,enterprise,500.0,5.0,6.0,Furnished
"Furnished 5bdrm Duplex in New Gra, Enugu for sale","Enugu State, Enugu",Enugu,Enugu State,150000000.0,enterprise,500.0,5.0,6.0,Furnished
Furnished 4bdrm Duplex in Enugu for sale,"Enugu State, Enugu",Enugu,Enugu State,350000000.0,enterprise,500.0,4.0,5.0,Furnished
"Furnished 4bdrm Bungalow in Almond Garden Estate, Enugu for sale","Enugu State, Enugu",Enugu,Enugu State,130000000.0,enterprise,500.0,4.0,5.0,Furnished
Furnished 4bdrm Duplex in Diamond City Estate for sale,"Enugu State, Enugu",Enugu,Enugu State,230000000.0,enterprise,600.0,4.0,5.0,Furnished
5bdrm Duplex in Chevron for sale,"Lekki, Chevron",Chevron,Lekki,520000000.0,vip_gold,500.0,5.0,5.0,Unfurnished
"Furnished 4bdrm Duplex in Penoks, Enugu for sale","Enugu State, Enugu",Enugu,Enugu State,130000000.0,enterprise,500.0,4.0,5.0,Furnished
Furnished 4bdrm Duplex in Helui Estate Enugu for sale,"Enugu State, Enugu",Enugu,Enugu State,290000000.0,enterprise,500.0,4.0,5.0,Furnished
"Furnished 3bdrm Bungalow in Almond Gardens, Enugu for sale","Enugu State, Enugu",Enugu,Enugu State,100000000.0,enterprise,500.0,3.0,4.0,Furnished
"Furnished 4bdrm Duplex in Independent Layout, Enugu for sale","Enugu State, Enugu",Enugu,Enugu State,250000000.0,enterprise,500.0,4.0,5.0,Furnished
"Furnished 4bdrm Duplex in Centenary City, Enugu for sale","Enugu State, Enugu",Enugu,Enugu State,180000000.0,enterprise,600.0,4.0,5.0,Furnished
"Furnished 6bdrm Duplex in Lily Estate, Enugu for sale","Enugu State, Enugu",Enugu,Enugu State,500000000.0,enterprise,1000.0,6.0,7.0,Furnished
"Furnished 4bdrm Duplex in Thinkers Corner, Enugu for sale","Enugu State, Enugu",Enugu,Enugu State,250000000.0,enterprise,500.0,4.0,5.0,Furnished
"7bdrm Duplex in Liberty Estate, Enugu for sale","Enugu State, Enugu",Enugu,Enugu State,250000000.0,enterprise,900.0,7.0,8.0,Semi-Furnished
"Furnished 5bdrm Duplex in Independent Layout, Enugu for sale","Enugu State, Enugu",Enugu,Enugu State,450000000.0,enterprise,1000.0,5.0,6.0,Furnished
"Furnished 3bdrm Block of Flats in New Heaven Extension, Enugu for sale","Enugu State, Enugu",Enugu,Enugu State,120000000.0,enterprise,500.0,3.0,4.0,Furnished
"Furnished 5bdrm Duplex in Chime Estate,, Enugu for sale","Enugu State, Enugu",Enugu,Enugu State,200000000.0,enterprise,600.0,5.0,6.0,Furnished
"Furnished 2bdrm Block of Flats in Goshen Estate,, Enugu for sale","Enugu State, Enugu",Enugu,Enugu State,110000000.0,enterprise,500.0,2.0,3.0,Furnished
"Furnished 5bdrm Duplex in Bricks Estate, Enugu for sale","Enugu State, Enugu",Enugu,Enugu State,250000000.0,enterprise,600.0,5.0,6.0,Furnished
"Furnished 5bdrm Duplex in Bricks, Enugu for sale","Enugu State, Enugu",Enugu,Enugu State,200000000.0,enterprise,700.0,5.0,6.0,Furnished
"Furnished 4bdrm Duplex in Thinkers Corner, Enugu for sale","Enugu State, Enugu",Enugu,Enugu State,220000000.0,enterprise,500.0,4.0,5.0,Furnished
"Furnished 4bdrm Duplex in Valley Estate, Gra, Enugu for sale","Enugu State, Enugu",Enugu,Enugu State,210000000.0,enterprise,500.0,4.0,5.0,Furnished
5bdrm Duplex in New Oko Oba for sale,"Agege, New Oko Oba",New Oko Oba,Agege,330000000.0,False,155.0,5.0,6.0,Unfurnished
18bdrm Block of Flats in Surulere for sale,"Lagos State, Surulere",Surulere,Lagos State,290000000.0,False,550.0,18.0,12.0,Unfurnished
"Furnished 4bdrm Duplex in Godfrey, Enugu for sale","Enugu State, Enugu",Enugu,Enugu State,150000000.0,enterprise,50.0,4.0,5.0,Furnished
"Furnished 4bdrm Duplex in Penok, Enugu for sale","Enugu State, Enugu",Enugu,Enugu State,130000000.0,enterprise,500.0,4.0,5.0,Furnished
"Furnished 5bdrm Duplex in Independent Layout, Enugu for sale","Enugu State, Enugu",Enugu,Enugu State,340000000.0,enterprise,500.0,5.0,6.0,Furnished
"Furnished 4bdrm Duplex in Wtc Estate, Enugu for sale","Enugu State, Enugu",Enugu,Enugu State,260000000.0,enterprise,500.0,4.0,5.0,Furnished
"Furnished 4bdrm Duplex in Valley, Gra, Enugu for sale","Enugu State, Enugu",Enugu,Enugu State,149000000.0,enterprise,500.0,4.0,5.0,Furnished
"4bdrm Duplex in Lekki County Homes, for sale","Lekki, Lekki Phase 2",Lekki Phase 2,Lekki,280000000.0,False,400.0,4.0,5.0,Unfurnished
"Furnished 5bdrm Duplex in Almond Garden Estate, Enugu for sale","Enugu State, Enugu",Enugu,Enugu State,290000000.0,enterprise,600.0,5.0,6.0,Furnished
"Furnished 4bdrm Duplex in Valley Estate, Enugu for sale","Enugu State, Enugu",Enugu,Enugu State,240000000.0,enterprise,600.0,4.0,5.0,Furnished
"Furnished 7bdrm Duplex in Centenary City, Enugu for sale","Enugu State, Enugu",Enugu,Enugu State,490000000.0,enterprise,1000.0,7.0,8.0,Furnished
"5bdrm Duplex in Police Housing, Kurudu for sale","Abuja (FCT), Kurudu",Kurudu,Abuja (FCT),270000000.0,False,1000.0,5.0,5.0,Semi-Furnished
"Furnished 5bdrm Duplex in Old Gra, Enugu for sale","Enugu State, Enugu",Enugu,Enugu State,200000000.0,enterprise,500.0,5.0,6.0,Furnished
"Furnished 5bdrm Duplex in Diamond Estate, Enugu for sale","Enugu State, Enugu",Enugu,Enugu State,300000000.0,enterprise,600.0,5.0,6.0,Furnished
"Furnished 5bdrm Duplex in Diamond Estate, Enugu for sale","Enugu State, Enugu",Enugu,Enugu State,300000000.0,enterprise,500.0,5.0,6.0,Furnished
"Furnished 4bdrm Duplex in Independent Layout, Enugu for sale","Enugu State, Enugu",Enugu,Enugu State,300000000.0,enterprise,500.0,4.0,5.0,Furnished
"3bdrm Bungalow in Elebu, Off Akala, Ibadan for sale","Oyo State, Ibadan",Ibadan,Oyo State,27000000.0,enterprise,361.0,3.0,5.0,Unfurnished
"Furnished 5bdrm Duplex in Centenary City, Enugu for sale","Enugu State, Enugu",Enugu,Enugu State,240000000.0,enterprise,600.0,5.0,6.0,Furnished
"Furnished 6bdrm Duplex in Elshama, Enugu for sale","Enugu State, Enugu",Enugu,Enugu State,250000000.0,enterprise,600.0,6.0,7.0,Furnished
"Furnished 5bdrm Duplex in Centenary City, Enugu for sale","Enugu State, Enugu",Enugu,Enugu State,180000000.0,enterprise,500.0,5.0,6.0,Furnished
"Furnished 4bdrm Bungalow in Abakpa, Enugu for sale","Enugu State, Enugu",Enugu,Enugu State,40000000.0,enterprise,600.0,4.0,5.0,Furnished
"Furnished 1bdrm Apartment in Elerinko, Ado-Odo/Ota for sale","Ogun State, Ado-Odo/Ota",Ado-Odo/Ota,Ogun State,29000000.0,False,150.0,1.0,1.0,Furnished
"Furnished 5bdrm Duplex in Republic Estate, Enugu for sale","Enugu State, Enugu",Enugu,Enugu State,210000000.0,enterprise,600.0,5.0,6.0,Furnished
"Furnished 6bdrm Duplex in Independent Layout, Enugu for sale","Enugu State, Enugu",Enugu,Enugu State,500000000.0,enterprise,1000.0,6.0,7.0,Furnished
"Furnished 5bdrm Duplex in Republic Estate, Enugu for sale","Enugu State, Enugu",Enugu,Enugu State,450000000.0,enterprise,1000.0,5.0,6.0,Furnished
Furnished 7bdrm Duplex in Centenary City Enugu for sale,"Enugu State, Enugu",Enugu,Enugu State,330000000.0,enterprise,1000.0,7.0,8.0,Furnished
3bdrm Bungalow in Asanpa Owo Estate for sale,"Ibadan, Oluyole Estate",Oluyole Estate,Ibadan,35000000.0,vip_gold,361.0,3.0,3.0,Semi-Furnished
"Furnished 4bdrm Duplex in Wtc Estate, Enugu for sale","Enugu State, Enugu",Enugu,Enugu State,150000000.0,enterprise,500.0,4.0,5.0,Furnished
"Furnished 5bdrm Duplex in Almond Garden, Enugu for sale","Enugu State, Enugu",Enugu,Enugu State,190000000.0,enterprise,500.0,5.0,6.0,Furnished
"8bdrm Duplex in Mowo Extension, Badagry for sale","Lagos State, Badagry",Badagry,Lagos State,45000000.0,False,668.0,8.0,4.0,Semi-Furnished
2bdrm Block of Flats in Ago Palace for sale,"Isolo, Ago Palace",Ago Palace,Isolo,270000000.0,diamond,600.0,2.0,2.0,Unfurnished
"Furnished 3bdrm Bungalow in Almond Garden, Enugu for sale","Enugu State, Enugu",Enugu,Enugu State,100000000.0,enterprise,500.0,3.0,4.0,Furnished
"Furnished 4bdrm Duplex in Chime Estate, Enugu for sale","Enugu State, Enugu",Enugu,Enugu State,290000000.0,enterprise,600.0,4.0,5.0,Furnished
"Furnished 4bdrm Farm House in Centenary City, Enugu for sale","Enugu State, Enugu",Enugu,Enugu State,150000000.0,enterprise,500.0,4.0,5.0,Furnished
"Furnished 6bdrm Duplex in Transekulu, Enugu for sale","Enugu State, Enugu",Enugu,Enugu State,250000000.0,enterprise,2000.0,6.0,7.0,Furnished
"3bdrm Apartment in Horizon 1, Ikate for sale","Lekki, Ikate",Ikate,Lekki,130000000.0,False,150.0,3.0,3.0,Unfurnished
"Furnished 4bdrm Duplex in Wtc, Enugu for sale","Enugu State, Enugu",Enugu,Enugu State,240000000.0,enterprise,600.0,4.0,5.0,Furnished
"Furnished 5bdrm Duplex in Gra, Enugu for sale","Enugu State, Enugu",Enugu,Enugu State,300000000.0,enterprise,500.0,5.0,5.0,Furnished
Furnished 4bdrm Duplex in Wtc Enugu for sale,"Enugu State, Enugu",Enugu,Enugu State,170000000.0,enterprise,550.0,4.0,5.0,Furnished
"Furnished 5bdrm Duplex in Phase 6 Extension, Enugu for sale","Enugu State, Enugu",Enugu,Enugu State,175000000.0,enterprise,600.0,5.0,6.0,Furnished
"Furnished 4bdrm Duplex in Elshama, Enugu for sale","Enugu State, Enugu",Enugu,Enugu State,200000000.0,enterprise,500.0,4.0,5.0,Furnished
"Furnished 4bdrm Duplex in Independent Layout, Enugu for sale","Enugu State, Enugu",Enugu,Enugu State,250000000.0,enterprise,600.0,4.0,5.0,Furnished
Furnished 2bdrm Bungalow in Ayobo for sale,"Ipaja, Ayobo",Ayobo,Ipaja,52000000.0,diamond,300.0,2.0,3.0,Furnished
"3bdrm Bungalow in Gospel Town, Ojoo for sale","Ibadan, Ojoo",Ojoo,Ibadan,50000000.0,vip_gold,500.0,3.0,3.0,Semi-Furnished
"Furnished 4bdrm Duplex in Independent Layout, Enugu for sale","Enugu State, Enugu",Enugu,Enugu State,200000000.0,enterprise,500.0,4.0,5.0,Furnished
"3bdrm House in Taye Moganna, Ibadan for sale","Oyo State, Ibadan",Ibadan,Oyo State,11000000.0,False,26.0,3.0,3.0,Unfurnished
"Furnished 4bdrm Duplex in Emene, Enugu for sale","Enugu State, Enugu",Enugu,Enugu State,150000000.0,enterprise,500.0,4.0,5.0,Furnished
"Furnished 5bdrm Duplex in Centenary City, Enugu for sale","Enugu State, Enugu",Enugu,Enugu State,480000000.0,enterprise,500.0,5.0,6.0,Furnished
"Furnished 5bdrm Duplex in Elshama Estate, Enugu for sale","Enugu State, Enugu",Enugu,Enugu State,340000000.0,enterprise,600.0,5.0,6.0,Furnished
"Furnished 4bdrm Duplex in Valley Estate, Enugu for sale","Enugu State, Enugu",Enugu,Enugu State,150000000.0,enterprise,600.0,4.0,5.0,Furnished
"Furnished 4bdrm Duplex in Jedediah Extension, Enugu for sale","Enugu State, Enugu",Enugu,Enugu State,130000000.0,enterprise,500.0,4.0,5.0,Furnished
"Furnished 4bdrm Duplex in Thinkers Corner By, Enugu for sale","Enugu State, Enugu",Enugu,Enugu State,200000000.0,enterprise,500.0,4.0,5.0,Furnished
"Furnished 4bdrm Bungalow in Transekulu, Enugu for sale","Enugu State, Enugu",Enugu,Enugu State,100000000.0,enterprise,500.0,4.0,5.0,Furnished
"3bdrm Duplex in Transekulu, Enugu for sale","Enugu State, Enugu",Enugu,Enugu State,55000000.0,enterprise,500.0,3.0,4.0,Semi-Furnished
"Furnished 5bdrm Duplex in Chime Estate, Enugu for sale","Enugu State, Enugu",Enugu,Enugu State,250000000.0,enterprise,1000.0,5.0,6.0,Furnished
"Furnished 6bdrm Duplex in Thinkers Corner, Enugu for sale","Enugu State, Enugu",Enugu,Enugu State,240000000.0,enterprise,500.0,6.0,7.0,Furnished
"Furnished 4bdrm Duplex in Wtc, Enugu for sale","Enugu State, Enugu",Enugu,Enugu State,140000000.0,enterprise,450.0,4.0,5.0,Furnished
"Furnished 4bdrm Bungalow in Almond Garden Estate, Enugu for sale","Enugu State, Enugu",Enugu,Enugu State,120000000.0,enterprise,500.0,4.0,5.0,Furnished
Furnished 5bdrm Duplex in Enugu for sale,"Enugu State, Enugu",Enugu,Enugu State,260000000.0,enterprise,600.0,5.0,6.0,Furnished
"4bdrm Mansion in River Park Estate, Lugbe District for sale","Abuja (FCT), Lugbe District",Lugbe District,Abuja (FCT),195000000.0,vip_gold,600.0,4.0,5.0,Semi-Furnished
"Furnished 4bdrm Duplex in New Gra, Enugu for sale","Enugu State, Enugu",Enugu,Enugu State,110000000.0,enterprise,500.0,4.0,5.0,Furnished
"Furnished 4bdrm Duplex in Valley Estate, Enugu for sale","Enugu State, Enugu",Enugu,Enugu State,230000000.0,enterprise,500.0,4.0,5.0,Furnished
Furnished 4bdrm Bungalow in Helui Estate Enugu for sale,"Enugu State, Enugu",Enugu,Enugu State,85000000.0,enterprise,500.0,4.0,5.0,Furnished
"Furnished 5bdrm Duplex in Almond, Tenance 1, Enugu for sale","Enugu State, Enugu",Enugu,Enugu State,200000000.0,enterprise,500.0,5.0,5.0,Furnished
"Furnished 5bdrm Duplex in Crystal Court In, Enugu for sale","Enugu State, Enugu",Enugu,Enugu State,300000000.0,enterprise,600.0,5.0,6.0,Furnished
"Furnished 4bdrm Duplex in Wtc Estate, Enugu for sale","Enugu State, Enugu",Enugu,Enugu State,220000000.0,enterprise,500.0,4.0,4.0,Furnished
"Furnished 4bdrm Duplex in Alulu, Enugu for sale","Enugu State, Enugu",Enugu,Enugu State,95000000.0,enterprise,500.0,4.0,5.0,Furnished
"Furnished 4bdrm Bungalow in Legacy Estate, Enugu for sale","Enugu State, Enugu",Enugu,Enugu State,100000000.0,enterprise,500.0,4.0,5.0,Furnished
"Furnished 4bdrm Duplex in Brown And Brown, Enugu for sale","Enugu State, Enugu",Enugu,Enugu State,210000000.0,enterprise,500.0,4.0,5.0,Furnished
"Furnished 5bdrm Duplex in Centenary City, Enugu for sale","Enugu State, Enugu",Enugu,Enugu State,190000000.0,enterprise,500.0,5.0,6.0,Furnished
Furnished 4bdrm Duplex in Centenary City Enugu for sale,"Enugu State, Enugu",Enugu,Enugu State,120000000.0,enterprise,500.0,4.0,5.0,Furnished
"Furnished 4bdrm Duplex in Old Gra, Enugu for sale","Enugu State, Enugu",Enugu,Enugu State,550000000.0,enterprise,2600.0,4.0,5.0,Furnished
"Furnished 6bdrm Duplex in Lily Estate, , Enugu for sale","Enugu State, Enugu",Enugu,Enugu State,350000000.0,enterprise,600.0,6.0,7.0,Furnished
"5bdrm Duplex in Freedom Way, Ikate for sale","Lekki, Ikate",Ikate,Lekki,1500000000.0,premium,120.0,5.0,5.0,Unfurnished
"Furnished 4bdrm Duplex in Premier Layout, Enugu for sale","Enugu State, Enugu",Enugu,Enugu State,250000000.0,enterprise,500.0,4.0,5.0,Furnished
"Furnished 4bdrm Duplex in Mini Estate In, Enugu for sale","Enugu State, Enugu",Enugu,Enugu State,300000000.0,enterprise,500.0,4.0,5.0,Furnished
"Furnished 4bdrm Duplex in Ogui Road, Enugu for sale","Enugu State, Enugu",Enugu,Enugu State,100000000.0,enterprise,500.0,4.0,5.0,Furnished
"Furnished 6bdrm Duplex in Chime Estate, Enugu for sale","Enugu State, Enugu",Enugu,Enugu State,300000000.0,enterprise,800.0,6.0,7.0,Furnished
"3bdrm Duplex in Brick City Estate, Kubwa for sale","Abuja (FCT), Kubwa",Kubwa,Abuja (FCT),90000000.0,diamond,250.0,3.0,3.0,Unfurnished
"Furnished 5bdrm Duplex in Crystal Court Estate, Enugu for sale","Enugu State, Enugu",Enugu,Enugu State,300000000.0,enterprise,600.0,5.0,6.0,Furnished
"4bdrm Duplex in Godrey Okoye, Enugu for sale","Enugu State, Enugu",Enugu,Enugu State,150000000.0,enterprise,400.0,4.0,5.0,Unfurnished
7bdrm Bungalow in Ogba/Egbema/Ndoni for sale,"Rivers State, Ogba/Egbema/Ndoni",Ogba/Egbema/Ndoni,Rivers State,20500000.0,False,200.0,7.0,4.0,Unfurnished
"2bdrm Block of Flats in Ajah, Abraham Adesanya Estate for sale","Ajah, Abraham Adesanya Estate",Abraham Adesanya Estate,Ajah,85000000.0,premium,1523.0,2.0,2.0,Unfurnished
"4bdrm Duplex in Premier Layout, Enugu for sale","Enugu State, Enugu",Enugu,Enugu State,50000000.0,enterprise,1000.0,4.0,5.0,Unfurnished
"Furnished 4bdrm Duplex in Valley Estate, Enugu for sale","Enugu State, Enugu",Enugu,Enugu State,150000000.0,enterprise,500.0,4.0,5.0,Furnished
"Furnished 4bdrm Duplex in Upped North, Enugu for sale","Enugu State, Enugu",Enugu,Enugu State,200000000.0,enterprise,500.0,4.0,5.0,Furnished
"Furnished 5bdrm Duplex in Jedediah Garden, Enugu for sale","Enugu State, Enugu",Enugu,Enugu State,190000000.0,enterprise,500.0,5.0,6.0,Furnished
"Furnished 4bdrm Duplex in Helui, Enugu for sale","Enugu State, Enugu",Enugu,Enugu State,250000000.0,enterprise,500.0,4.0,5.0,Furnished
"5bdrm Duplex in Megamond, Ikota for sale","Lekki, Ikota",Ikota,Lekki,420000000.0,premium,328.0,5.0,6.0,Semi-Furnished
"Furnished 4bdrm Duplex in Transekulu, Enugu for sale","Enugu State, Enugu",Enugu,Enugu State,135000000.0,enterprise,600.0,4.0,5.0,Furnished
"Furnished 5bdrm Duplex in Wtc, Enugu for sale","Enugu State, Enugu",Enugu,Enugu State,300000000.0,enterprise,500.0,5.0,6.0,Furnished
"Furnished 5bdrm Duplex in Wtc Estate, Enugu for sale","Enugu State, Enugu",Enugu,Enugu State,350000000.0,enterprise,500.0,5.0,6.0,Furnished
Furnished 4bdrm Duplex in Enugu for sale,"Enugu State, Enugu",Enugu,Enugu State,550000000.0,enterprise,2400.0,4.0,5.0,Furnished
"Furnished 4bdrm Duplex in Valley Estate, Enugu for sale","Enugu State, Enugu",Enugu,Enugu State,250000000.0,enterprise,500.0,4.0,5.0,Furnished
"Furnished 2bdrm Block of Flats in Anamco Emene, Enugu for sale","Enugu State, Enugu",Enugu,Enugu State,250000000.0,enterprise,500.0,2.0,3.0,Furnished
"Furnished 4bdrm Duplex in Centenary City, Enugu for sale","Enugu State, Enugu",Enugu,Enugu State,220000000.0,enterprise,500.0,4.0,5.0,Furnished
"Furnished 4bdrm Bungalow in Camp Of Grace, Enugu for sale","Enugu State, Enugu",Enugu,Enugu State,130000000.0,enterprise,500.0,4.0,5.0,Furnished
"Furnished 5bdrm Duplex in Crystal Court, Enugu for sale","Enugu State, Enugu",Enugu,Enugu State,495000000.0,enterprise,600.0,5.0,6.0,Furnished
"Furnished 4bdrm Bungalow in Helui, Enugu for sale","Enugu State, Enugu",Enugu,Enugu State,85000000.0,enterprise,500.0,4.0,5.0,Furnished
"Furnished 4bdrm Duplex in City Ville, Enugu for sale","Enugu State, Enugu",Enugu,Enugu State,200000000.0,enterprise,500.0,4.0,5.0,Furnished
"Furnished 4bdrm Duplex in Valley Estate, Old for sale","Enugu State, Enugu",Enugu,Enugu State,198000000.0,enterprise,500.0,4.0,5.0,Furnished
"Furnished 5bdrm Duplex in Phase 6, Transekulu, Enugu for sale","Enugu State, Enugu",Enugu,Enugu State,175000000.0,enterprise,500.0,5.0,6.0,Furnished
"Furnished 4bdrm Duplex in Ugonabo, Estate,, Enugu for sale","Enugu State, Enugu",Enugu,Enugu State,145000000.0,enterprise,500.0,4.0,5.0,Furnished
2bdrm Apartment in Lekki Phase 1 for sale,"Lekki, Lekki Phase 1",Lekki Phase 1,Lekki,280000000.0,diamond,3500.0,2.0,2.0,Semi-Furnished
3bdrm Bungalow in Lafia for sale,"Nasarawa State, Lafia",Lafia,Nasarawa State,40000000.0,False,1000.0,3.0,3.0,Unfurnished
"5bdrm Duplex in Ikate, Lekki for sale","Lagos State, Lekki",Lekki,Lagos State,750000000.0,diamond,5000.0,5.0,5.0,Semi-Furnished
"4bdrm Duplex in Eden Court, Lakowe for sale","Ibeju, Lakowe",Lakowe,Ibeju,80000000.0,False,250.0,4.0,4.0,Unfurnished
"4bdrm Block of Flats in Off Cmd Road, Ketu-Ikosi for sale","Kosofe, Ketu-Ikosi",Ketu-Ikosi,Kosofe,200000000.0,enterprise,600.0,4.0,4.0,Semi-Furnished
"2bdrm Room & Parlour in Off Cole, Lawanson for sale","Surulere, Lawanson",Lawanson,Surulere,200000000.0,enterprise,600.0,2.0,2.0,Unfurnished
"4bdrm Duplex in Lekki Ajah, Lagos Island / Lagos Island for sale","Lagos Island (Eko), Lagos Island / Lagos Island",Lagos Island / Lagos Island,Lagos Island (Eko),170000000.0,enterprise,400.0,4.0,5.0,Semi-Furnished
"3bdrm Block of Flats in Off Pedro Road, Shomolu / Shomolu for sale","Shomolu, Shomolu / Shomolu",Shomolu / Shomolu,Shomolu,480000000.0,enterprise,600.0,3.0,3.0,Semi-Furnished
"Furnished 4bdrm Duplex in Romax Homes Estate, Lekki for sale","Lagos State, Lekki",Lekki,Lagos State,150000000.0,enterprise,500.0,4.0,4.0,Furnished
"Furnished 3bdrm Duplex in Olowora,Magodo for sale","Ojodu, Magodo Isheri",Magodo Isheri,Ojodu,140000000.0,enterprise,500.0,3.0,3.0,Furnished
8bdrm Duplex in Katampe Extension for sale,"Katampe, Katampe Extension",Katampe Extension,Katampe,1200000000.0,diamond,840.0,8.0,8.0,Unfurnished
"3bdrm Bungalow in Omolayo, Akobo for sale","Ibadan, Akobo",Akobo,Ibadan,70000000.0,enterprise,545.0,3.0,3.0,Semi-Furnished
Furnished 4bdrm Block of Flats in Glover Road Ikoyi for sale,"Lagos State, Ikoyi",Ikoyi,Lagos State,900000000.0,enterprise,250.0,4.0,4.0,Furnished
"Furnished 10bdrm Chalet in Igbudu Estate, Oko Afo for sale","Badagry, Oko Afo",Oko Afo,Badagry,150000000.0,enterprise,1500.0,10.0,5.0,Furnished
"Furnished 5bdrm Duplex in Pinnock Beach Estate, Osapa london for sale","Lekki, Osapa london",Osapa london,Lekki,1500000000.0,enterprise,500.0,5.0,5.0,Furnished
3bdrm Block of Flats in Onike-Yaba for sale,"Yaba, Onike",Onike,Yaba,420000000.0,enterprise,670.0,3.0,3.0,Semi-Furnished
5bdrm Duplex in Magodo Fase One for Sale,"Ojodu, Magodo Isheri",Magodo Isheri,Ojodu,330000000.0,enterprise,680.0,5.0,5.0,Semi-Furnished
5bdrm Duplex in Lekki Phase 1 for sale,"Lekki, Lekki Phase 1",Lekki Phase 1,Lekki,980000000.0,diamond,4000.0,5.0,5.0,Semi-Furnished
4bdrm Duplex in Idado for sale,"Lekki, Idado",Idado,Lekki,295000000.0,premium,306.0,4.0,4.0,Semi-Furnished
"2bdrm Block of Flats in Osapa, Lekki for sale","Lekki, Osapa london",Osapa london,Lekki,1350000000.0,premium,900.0,2.0,2.0,Unfurnished
20bdrm Block of Flats in Ogba Ikeja for sale,"Lagos State, Ikeja",Ikeja,Lagos State,340000000.0,enterprise,654.0,20.0,20.0,Semi-Furnished
"4bdrm Bungalow in Ishefun, Ayobo for sale","Ipaja, Ayobo",Ayobo,Ipaja,85000000.0,enterprise,650.0,4.0,3.0,Semi-Furnished
"5bdrm Duplex in Ikare, Ilashe for sale","Lagos State, Ilashe",Ilashe,Lagos State,150000000.0,enterprise,900.0,5.0,5.0,Semi-Furnished
3bdrm Duplex in Kubwa for sale,"Abuja (FCT), Kubwa",Kubwa,Abuja (FCT),150000000.0,enterprise,500.0,3.0,3.0,Unfurnished
6bdrm Duplex in Apo District for sale,"Abuja (FCT), Apo District",Apo District,Abuja (FCT),650000000.0,enterprise,600.0,6.0,6.0,Unfurnished
Furnished 4bdrm Duplex in Ogba Ikeja for sale,"Lagos State, Ikeja",Ikeja,Lagos State,280000000.0,enterprise,400.0,4.0,4.0,Furnished
"4bdrm Duplex in Ajah, Abraham Adesanya Estate for sale","Ajah, Abraham Adesanya Estate",Abraham Adesanya Estate,Ajah,190000000.0,premium,287.0,4.0,4.0,Unfurnished
4bdrm Duplex in Ajah for sale,"Ajah, Ado / Ajah",Ado / Ajah,Ajah,250000000.0,premium,314.0,4.0,4.0,Semi-Furnished
14bdrm Block of Flats in Ekoro Able Egba for sale,"Lagos State, Abule Egba",Abule Egba,Lagos State,85000000.0,enterprise,700.0,14.0,19.0,Semi-Furnished
3bdrm Block of Flats in Zone 6 / Wuse for sale,"Wuse, Zone 6 / Wuse",Zone 6 / Wuse,Wuse,700000000.0,enterprise,1200.0,3.0,2.0,Unfurnished
"3bdrm Penthouse in River Park, Lugbe District for sale","Abuja (FCT), Lugbe District",Lugbe District,Abuja (FCT),220000000.0,enterprise,300.0,3.0,2.0,Unfurnished
3bdrm Duplex in Adelabu for sale,"Surulere, Adelabu",Adelabu,Surulere,400000000.0,enterprise,600.0,3.0,3.0,Semi-Furnished
Furnished 5bdrm Duplex in Harris Drive Vgc for sale,"Ajah, VGC / Ajah",VGC / Ajah,Ajah,350000000.0,enterprise,500.0,5.0,6.0,Furnished
4bdrm Penthouse in Lugbe District for sale,"Abuja (FCT), Lugbe District",Lugbe District,Abuja (FCT),70000000.0,enterprise,500.0,4.0,4.0,Unfurnished
"3bdrm Bungalow in Temidire Estate, Osogbo for sale","Osun State, Osogbo",Osogbo,Osun State,30000000.0,False,900.0,3.0,3.0,Semi-Furnished
"Furnished 5bdrm Duplex in Lekki, Osapa london for sale","Lekki, Osapa london",Osapa london,Lekki,500000000.0,enterprise,400.0,5.0,5.0,Furnished
18bdrm Block of Flats in Ojodu Berger for sale,"Ojodu, Berger",Berger,Ojodu,250000000.0,enterprise,660.0,18.0,18.0,Semi-Furnished
4bdrm Duplex in Jahi for sale,"Abuja (FCT), Jahi",Jahi,Abuja (FCT),350000000.0,enterprise,300.0,4.0,3.0,Unfurnished
"5bdrm Duplex in Tian Vine, Lugbe District for sale","Abuja (FCT), Lugbe District",Lugbe District,Abuja (FCT),180000000.0,enterprise,700.0,5.0,4.0,Unfurnished
"2bdrm Block of Flats in Census Close.., Bode Thomas for sale","Surulere, Bode Thomas",Bode Thomas,Surulere,350000000.0,enterprise,500.0,2.0,2.0,Semi-Furnished
"3bdrm Block of Flats in Alcove Estate, Alagomeji for sale","Yaba, Alagomeji",Alagomeji,Yaba,150000000.0,enterprise,800.0,3.0,3.0,Semi-Furnished
5bdrm Duplex in Thomas for sale,"Ajah, Thomas Estate",Thomas Estate,Ajah,150000000.0,enterprise,400.0,5.0,5.0,Semi-Furnished
16bdrm Block of Flats in Ikotun/Igondu for sale,"Lagos State, Ikotun/Igando",Ikotun/Igando,Lagos State,140000000.0,enterprise,800.0,16.0,16.0,Semi-Furnished
"Furnished 5bdrm Duplex in Millennium Estate, Millenuim/UPS for sale","Gbagada, Millenuim/UPS",Millenuim/UPS,Gbagada,300000000.0,enterprise,600.0,5.0,5.0,Furnished
"12bdrm Block of Flats in Ogunrobi Estate, Alimosho for sale","Lagos State, Alimosho",Alimosho,Lagos State,140000000.0,enterprise,650.0,12.0,12.0,Semi-Furnished
6bdrm Duplex in Katampe Extension for sale,"Katampe, Katampe Extension",Katampe Extension,Katampe,1000000000.0,enterprise,700.0,6.0,5.0,Unfurnished
3bdrm Duplex in Omole Phase 2 for sale,"Ikeja, Omole Phase 2",Omole Phase 2,Ikeja,136300000.0,enterprise,230.0,3.0,3.0,Semi-Furnished
"20bdrm Block of Flats in Jenson Supper Market, Ikotun/Igando for sale","Lagos State, Ikotun/Igando",Ikotun/Igando,Lagos State,350000000.0,enterprise,700.0,20.0,20.0,Semi-Furnished
"Furnished 3bdrm Block of Flats in Off Ogunlana Drive, Surulere for sale","Lagos State, Surulere",Surulere,Lagos State,140000000.0,enterprise,400.0,3.0,3.0,Furnished
6bdrm Duplex in Magodo Phase 2 for sale,"Lagos State, Magodo",Magodo,Lagos State,700000000.0,enterprise,500.0,6.0,6.0,Semi-Furnished
"5bdrm Duplex in Chevron, Ajah for sale","Lagos State, Ajah",Ajah,Lagos State,380000000.0,enterprise,400.0,5.0,5.0,Semi-Furnished
"3bdrm Block of Flats in College Road Ogba, Ikeja for sale","Lagos State, Ikeja",Ikeja,Lagos State,130000000.0,enterprise,650.0,3.0,3.0,Semi-Furnished
8bdrm Apartment in Phase 4 Kubwa for sale,"Abuja (FCT), Kubwa",Kubwa,Abuja (FCT),130000000.0,False,600.0,8.0,8.0,Unfurnished
"4bdrm House in Raudakeyi, Nasarawa-Kano for sale","Kano State, Nasarawa-Kano",Nasarawa-Kano,Kano State,5000000.0,False,4020.0,4.0,1.0,Unfurnished
Furnished 4bdrm Duplex in Opebi Ikeja for sale,"Ikeja, Opebi",Opebi,Ikeja,400000000.0,enterprise,500.0,4.0,4.0,Furnished
"4bdrm Bungalow in Iragon, Badagry / Badagry for sale","Badagry, Badagry / Badagry",Badagry / Badagry,Badagry,10000000.0,enterprise,350.0,4.0,5.0,Unfurnished
4bdrm Duplex in Off Masha/Kilo for sale,"Surulere, Masha",Masha,Surulere,280000000.0,enterprise,400.0,4.0,4.0,Semi-Furnished
"18bdrm Block of Flats in College Road Ogba, Ikeja for sale","Lagos State, Ikeja",Ikeja,Lagos State,530000000.0,enterprise,650.0,18.0,18.0,Semi-Furnished
"10bdrm Block of Flats in Bale Street, Badagry / Badagry for sale","Badagry, Badagry / Badagry",Badagry / Badagry,Badagry,22000000.0,enterprise,1300.0,10.0,5.0,Unfurnished
3bdrm Duplex in Lugbe District for sale,"Abuja (FCT), Lugbe District",Lugbe District,Abuja (FCT),125000000.0,enterprise,600.0,3.0,4.0,Unfurnished
3bdrm Bungalow in Ibadan for sale,"Oyo State, Ibadan",Ibadan,Oyo State,45000000.0,diamond,800.0,3.0,4.0,Unfurnished
5bdrm Duplex in Magodo Phase One for sale,"Magodo, GRA Phase 1",GRA Phase 1,Magodo,420000000.0,enterprise,500.0,5.0,5.0,Semi-Furnished
5bdrm Duplex in Ajah Lekki for sale,"Lagos State, Lekki",Lekki,Lagos State,190000000.0,enterprise,400.0,5.0,5.0,Semi-Furnished
3bdrm Block of Flats in Bank Anthony Way for sale,"Ikeja, Mobolaji Bank Anthony Way",Mobolaji Bank Anthony Way,Ikeja,400000000.0,enterprise,600.0,3.0,3.0,Semi-Furnished
"3bdrm Block of Flats in Isheri Opic, Kosofe for sale","Lagos State, Kosofe",Kosofe,Lagos State,100000000.0,diamond,500.0,3.0,3.0,Unfurnished
Furnished 5bdrm Duplex in Omole Phase 1 for sale,"Ikeja, Omole Phase 1",Omole Phase 1,Ikeja,700000000.0,enterprise,700.0,5.0,4.0,Furnished
4bdrm Duplex in Apo District for sale,"Abuja (FCT), Apo District",Apo District,Abuja (FCT),550000000.0,diamond,2000.0,4.0,4.0,Semi-Furnished
"Furnished 2bdrm Block of Flats in F01, Kubwa for sale","Abuja (FCT), Kubwa",Kubwa,Abuja (FCT),80000000.0,premium,1500.0,2.0,3.0,Furnished
3bdrm Bungalow in Life Camp for sale,"Gwarinpa, Life Camp",Life Camp,Gwarinpa,180000000.0,enterprise,500.0,3.0,3.0,Unfurnished
3bdrm Penthouse in Sabon Lugbe for sale,"Lugbe District, Sabon Lugbe",Sabon Lugbe,Lugbe District,140000000.0,enterprise,450.0,3.0,3.0,Unfurnished
4bdrm Duplex in Katampe Extension for sale,"Katampe, Katampe Extension",Katampe Extension,Katampe,650000000.0,enterprise,300.0,4.0,4.0,Unfurnished
Furnished 4bdrm Duplex in Omole Phase1 for sale,"Ikeja, Omole Phase 1",Omole Phase 1,Ikeja,400000000.0,enterprise,600.0,4.0,4.0,Furnished
3bdrm Block of Flats in Katampe for sale,"Katampe, Katampe (Main)",Katampe (Main),Katampe,130000000.0,diamond,1000.0,3.0,4.0,Unfurnished
Furnished 4bdrm Duplex in Maryland Ikeja for sale,"Lagos State, Ikeja",Ikeja,Lagos State,350000000.0,enterprise,400.0,4.0,5.0,Furnished
"6bdrm Duplex in Iragon, Badagry / Badagry for sale","Badagry, Badagry / Badagry",Badagry / Badagry,Badagry,25000000.0,enterprise,350.0,6.0,6.0,Unfurnished
Furnished 4bdrm Duplex in Ajah Lekki for sale,"Lagos State, Lekki",Lekki,Lagos State,150000000.0,enterprise,3500.0,4.0,5.0,Furnished
Furnished 2bdrm Block of Flats in Ok Oba for sale,"Agege, Oko-Oba",Oko-Oba,Agege,55000000.0,enterprise,500.0,2.0,2.0,Furnished
"18bdrm Block of Flats in Fagbile Estate, Ojo for sale","Lagos State, Ojo",Ojo,Lagos State,160000000.0,enterprise,650.0,18.0,20.0,Semi-Furnished
"12bdrm Block of Flats in Ilekpo By The Bustop, Badagry for sale","Lagos State, Badagry",Badagry,Lagos State,10000000.0,enterprise,650.0,12.0,16.0,Unfurnished
7bdrm Duplex in Omole Phase 2 for sale,"Ikeja, Omole Phase 2",Omole Phase 2,Ikeja,300000000.0,enterprise,450.0,7.0,7.0,Semi-Furnished
"5bdrm Duplex in Basic Estate, Lokogoma for sale","Abuja (FCT), Lokogoma",Lokogoma,Abuja (FCT),280000000.0,enterprise,2000.0,5.0,5.0,Unfurnished
"11bdrm Block of Flats in Iragon, Badagry for sale","Lagos State, Badagry",Badagry,Lagos State,18000000.0,enterprise,900.0,11.0,11.0,Unfurnished
5bdrm Duplex in Magodo Fase One for sale,"Ojodu, Magodo Isheri",Magodo Isheri,Ojodu,250000000.0,enterprise,680.0,5.0,5.0,Semi-Furnished
Furnished 3bdrm Bungalow in Iragon Ikoga Mowo for sale,"Lagos State, Badagry",Badagry,Lagos State,35000000.0,enterprise,700.0,3.0,3.0,Furnished
5bdrm Duplex in Life Camp for sale,"Gwarinpa, Life Camp",Life Camp,Gwarinpa,500000000.0,enterprise,500.0,5.0,5.0,Unfurnished
4bdrm Townhouse/Terrace in Life Camp for sale,"Gwarinpa, Life Camp",Life Camp,Gwarinpa,230000000.0,premium,200.0,4.0,4.0,Unfurnished
4bdrm Duplex in Katampe Extension for sale,"Katampe, Katampe Extension",Katampe Extension,Katampe,750000000.0,enterprise,300.0,4.0,4.0,Unfurnished
2bdrm Block of Flats in Lugbe District for sale,"Abuja (FCT), Lugbe District",Lugbe District,Abuja (FCT),90000000.0,enterprise,150.0,2.0,2.0,Unfurnished
4bdrm House in Gwarinpa for sale,"Abuja (FCT), Gwarinpa",Gwarinpa,Abuja (FCT),280000000.0,enterprise,500.0,4.0,4.0,Unfurnished
"4bdrm Duplex in Prestigious Alamutu, Ifako-Ijaiye for sale","Lagos State, Ifako-Ijaiye",Ifako-Ijaiye,Lagos State,220000000.0,enterprise,300.0,4.0,4.0,Semi-Furnished
Furnished 4bdrm Duplex in Gbagada for sale,"Lagos State, Gbagada",Gbagada,Lagos State,220000000.0,enterprise,300.0,4.0,4.0,Furnished
4bdrm Duplex in Jahi for sale,"Abuja (FCT), Jahi",Jahi,Abuja (FCT),260000000.0,enterprise,250.0,4.0,4.0,Unfurnished
"Furnished 2bdrm Block of Flats in Off Chief Natufe, Bode Thomas","Surulere, Bode Thomas",Bode Thomas,Surulere,110000000.0,enterprise,500.0,2.0,2.0,Furnished
2bdrm Apartment in Katampe Main for sale,"Katampe, Katampe (Main)",Katampe (Main),Katampe,80000000.0,premium,250.0,2.0,2.0,Unfurnished
"4bdrm Duplex in Off Arubiewe - Olodo, Iwo Road for sale","Ibadan, Iwo Road",Iwo Road,Ibadan,45000000.0,enterprise,500.0,4.0,5.0,Unfurnished
5bdrm Duplex in Vgc for sale,"Ajah, VGC / Ajah",VGC / Ajah,Ajah,250000000.0,enterprise,600.0,5.0,6.0,Semi-Furnished
5bdrm Duplex in Durumi for sale,"Abuja (FCT), Durumi",Durumi,Abuja (FCT),350000000.0,enterprise,700.0,5.0,4.0,Unfurnished
3bdrm Block of Flats in Ifako- Gbagada for sale,"Gbagada, Ifako-Gbagada",Ifako-Gbagada,Gbagada,320000000.0,enterprise,600.0,3.0,3.0,Semi-Furnished
"13bdrm Block of Flats in Ajara, Badagry for sale","Lagos State, Badagry",Badagry,Lagos State,75000000.0,enterprise,500.0,13.0,17.0,Semi-Furnished
"12bdrm Block of Flats in Off Freedom Way, Lekki Phase 1 for sale","Lekki, Lekki Phase 1",Lekki Phase 1,Lekki,900000000.0,enterprise,800.0,12.0,12.0,Semi-Furnished
3bdrm Block of Flats in Ketu for sale,"Kosofe, Ketu-Alapere",Ketu-Alapere,Kosofe,150000000.0,enterprise,600.0,3.0,3.0,Semi-Furnished
"12bdrm Block of Flats in Tired Street Igondu, Ikotun/Igando for sale","Lagos State, Ikotun/Igando",Ikotun/Igando,Lagos State,135000000.0,enterprise,700.0,12.0,14.0,Semi-Furnished
2bdrm Bungalow in Lugbe District for sale,"Abuja (FCT), Lugbe District",Lugbe District,Abuja (FCT),90000000.0,enterprise,300.0,2.0,2.0,Unfurnished
2bdrm Block of Flats in Jahi for sale,"Abuja (FCT), Jahi",Jahi,Abuja (FCT),860000000.0,diamond,700.0,2.0,2.0,Unfurnished
"12bdrm Block of Flats in Ajara, Badagry / Badagry for sale","Badagry, Badagry / Badagry",Badagry / Badagry,Badagry,150000000.0,enterprise,680.0,12.0,16.0,Semi-Furnished
Furnished 4bdrm Bungalow in Egan for sale,"Ikotun/Igando, Egan",Egan,Ikotun/Igando,75000000.0,enterprise,400.0,4.0,4.0,Furnished
"Furnished 3bdrm Duplex in River Park Estate, Lugbe District for sale","Abuja (FCT), Lugbe District",Lugbe District,Abuja (FCT),350000000.0,enterprise,650.0,3.0,3.0,Furnished
3bdrm Apartment in Wuye for sale,"Abuja (FCT), Wuye",Wuye,Abuja (FCT),200000000.0,enterprise,500.0,3.0,3.0,Unfurnished
"Furnished 5bdrm Duplex in Olaleye Newtown, Alaka/Iponri for sale","Surulere, Alaka/Iponri",Alaka/Iponri,Surulere,180000000.0,enterprise,400.0,5.0,4.0,Furnished
Furnished 4bdrm Duplex in Shonibare Estate for sale,"Maryland, Shonibare Estate",Shonibare Estate,Maryland,400000000.0,enterprise,400.0,4.0,4.0,Furnished
"5bdrm Duplex in Estate, Lokogoma for sale","Abuja (FCT), Lokogoma",Lokogoma,Abuja (FCT),500000000.0,diamond,1000.0,5.0,5.0,Semi-Furnished
"18bdrm Bungalow in Goriola By Uzor, Ajegunle for sale","Apapa, Ajegunle",Ajegunle,Apapa,60000000.0,enterprise,900.0,18.0,4.0,Unfurnished
"Furnished 5bdrm Duplex in Lekki Palmcity, Ajah for sale","Lagos State, Ajah",Ajah,Lagos State,300000000.0,enterprise,400.0,5.0,5.0,Furnished
Furnished 4bdrm Duplex in Jahi for sale,"Abuja (FCT), Jahi",Jahi,Abuja (FCT),320000000.0,enterprise,700.0,4.0,3.0,Furnished
3bdrm Bungalow in Ikorodu for sale,"Lagos State, Ikorodu",Ikorodu,Lagos State,35000000.0,enterprise,625.0,3.0,3.0,Unfurnished
3bdrm Block of Flats in Off Allen Avenue for sale,"Ikeja, Allen Avenue",Allen Avenue,Ikeja,150000000.0,enterprise,500.0,3.0,3.0,Semi-Furnished
6bdrm Duplex in Gra Ikeja for sale,"Ikeja, Ikeja GRA",Ikeja GRA,Ikeja,320000000.0,enterprise,680.0,6.0,5.0,Semi-Furnished
8bdrm Block of Flats in Okoafor for sale,"Badagry, Oko Afo",Oko Afo,Badagry,45000000.0,enterprise,650.0,8.0,8.0,Unfurnished
"4bdrm Duplex in Limca, Badagry / Badagry for sale","Badagry, Badagry / Badagry",Badagry / Badagry,Badagry,50000000.0,enterprise,680.0,4.0,5.0,Semi-Furnished
3bdrm Apartment in Life Camp for sale,"Gwarinpa, Life Camp",Life Camp,Gwarinpa,65000000.0,enterprise,500.0,3.0,3.0,Unfurnished
16bdrm Block of Flats in Ojo Alaba for sale,"Ojo, Alaba",Alaba,Ojo,175000000.0,enterprise,700.0,16.0,18.0,Semi-Furnished
"2bdrm Block of Flats in Off Kudirat Abiola, Oregun for sale","Ikeja, Oregun",Oregun,Ikeja,95000000.0,enterprise,400.0,2.0,2.0,Semi-Furnished
"Furnished 6bdrm Duplex in Magodo Phase 2, Ikeja for sale","Lagos State, Ikeja",Ikeja,Lagos State,600000000.0,enterprise,600.0,6.0,6.0,Furnished
4bdrm Duplex in Life Camp for sale,"Gwarinpa, Life Camp",Life Camp,Gwarinpa,230000000.0,enterprise,600.0,4.0,4.0,Unfurnished
4bdrm Duplex in Lekki Phase2 for sale,"Lekki, Lekki Phase 2",Lekki Phase 2,Lekki,180000000.0,enterprise,350.0,4.0,4.0,Semi-Furnished
5bdrm Duplex in Wuye for sale,"Abuja (FCT), Wuye",Wuye,Abuja (FCT),450000000.0,enterprise,700.0,5.0,4.0,Unfurnished
"6bdrm Block of Flats in Jimoah, Ikotun/Igando for sale","Lagos State, Ikotun/Igando",Ikotun/Igando,Lagos State,50000000.0,enterprise,650.0,6.0,6.0,Semi-Furnished
7bdrm Duplex in Life Camp for sale,"Gwarinpa, Life Camp",Life Camp,Gwarinpa,130000000.0,enterprise,1500.0,7.0,7.0,Unfurnished
4bdrm Duplex in Guzape District for sale,"Abuja (FCT), Guzape District",Guzape District,Abuja (FCT),450000000.0,enterprise,700.0,4.0,4.0,Unfurnished
4bdrm Duplex in Katampe (Main) for sale,"Katampe, Katampe (Main)",Katampe (Main),Katampe,250000000.0,enterprise,300.0,4.0,4.0,Unfurnished
"4bdrm Bungalow in Aradagun, Badagry / Badagry for sale","Badagry, Badagry / Badagry",Badagry / Badagry,Badagry,50000000.0,enterprise,650.0,4.0,4.0,Semi-Furnished
Furnished 5bdrm Duplex in Magodo Phase 2 for sale,"Magodo, GRA Phase 2 Shangisha",GRA Phase 2 Shangisha,Magodo,650000000.0,enterprise,500.0,5.0,5.0,Furnished
3bdrm Bungalow in Odo-Ona Kekere for sale,"Ibadan, Odo Ona",Odo Ona,Ibadan,23000000.0,vip_gold,995.0,3.0,4.0,Unfurnished
"2bdrm Duplex in Carlton Gate Estate, for sale","Ibadan, Akobo",Akobo,Ibadan,120000000.0,diamond,300.0,2.0,3.0,Semi-Furnished
"Furnished 4bdrm Duplex in Seafloq Estate, Ifako-Gbagada for sale","Gbagada, Ifako-Gbagada",Ifako-Gbagada,Gbagada,170000000.0,enterprise,400.0,4.0,4.0,Furnished
4bdrm Duplex in Ajah for sale,"Lagos State, Ajah",Ajah,Lagos State,80000000.0,enterprise,400.0,4.0,5.0,Unfurnished
6bdrm Duplex in Apo District for sale,"Abuja (FCT), Apo District",Apo District,Abuja (FCT),300000000.0,enterprise,700.0,6.0,5.0,Unfurnished
Furnished 3bdrm Bungalow in Lugbe District for sale,"Abuja (FCT), Lugbe District",Lugbe District,Abuja (FCT),150000000.0,enterprise,400.0,3.0,3.0,Furnished
4bdrm Bungalow in Shimawa for sale,"Sagamu, Shimawa",Shimawa,Sagamu,50000000.0,enterprise,650.0,4.0,6.0,Semi-Furnished
3bdrm Apartment in Jahi for sale,"Abuja (FCT), Jahi",Jahi,Abuja (FCT),185000000.0,enterprise,500.0,3.0,3.0,Unfurnished
3bdrm Block of Flats in Phase1 for sale,"Gbagada, Phase 1 / Gbagada",Phase 1 / Gbagada,Gbagada,150000000.0,enterprise,310.0,3.0,3.0,Semi-Furnished
15bdrm Block of Flats in Mararaba for sale,"Abuja (FCT), Mararaba",Mararaba,Abuja (FCT),200000000.0,diamond,1200.0,15.0,12.0,Semi-Furnished
4bdrm Duplex in Asokoro for sale,"Abuja (FCT), Asokoro",Asokoro,Abuja (FCT),2700000000.0,enterprise,1000.0,4.0,4.0,Unfurnished
"8bdrm Block of Flats in Ilekpo By Bustop, Badagry for sale","Lagos State, Badagry",Badagry,Lagos State,15000000.0,enterprise,650.0,8.0,8.0,Semi-Furnished
Furnished 5bdrm Duplex in Osapa London for sale,"Lekki, Osapa london",Osapa london,Lekki,650000000.0,enterprise,500.0,5.0,5.0,Furnished
"3bdrm Block of Flats in Adekunle Kuye, Aguda / Surulere for sale","Surulere, Aguda / Surulere",Aguda / Surulere,Surulere,500000000.0,enterprise,1274.0,3.0,3.0,Unfurnished
Furnished 4bdrm Maisonette in Old Ikoyi for sale,"Ikoyi, Old Ikoyi",Old Ikoyi,Ikoyi,1500000000.0,enterprise,500.0,4.0,4.0,Furnished
"1bdrm Room & Parlour in Off Pedro Road, Shomolu / Shomolu for sale","Shomolu, Shomolu / Shomolu",Shomolu / Shomolu,Shomolu,120000000.0,enterprise,500.0,1.0,1.0,Unfurnished
3bdrm Bungalow in Gberigbe for sale,"Ikorodu, Gberigbe",Gberigbe,Ikorodu,17500000.0,premium,300.0,3.0,3.0,Unfurnished
14bdrm Block of Flats in Abaranje for sale,"Ikotun/Igando, Abaranje",Abaranje,Ikotun/Igando,120000000.0,enterprise,650.0,14.0,18.0,Semi-Furnished
"3bdrm Duplex in Monumental Estate, Opebi for sale","Ikeja, Opebi",Opebi,Ikeja,200000000.0,enterprise,500.0,3.0,3.0,Semi-Furnished
"4bdrm Duplex in Isheri, Alimosho for sale","Lagos State, Alimosho",Alimosho,Lagos State,75000000.0,enterprise,350.0,4.0,4.0,Semi-Furnished
"15bdrm Block of Flats in Igborosun, Badagry for sale","Lagos State, Badagry",Badagry,Lagos State,35000000.0,enterprise,800.0,15.0,9.0,Semi-Furnished
5bdrm Duplex in Lekki Expressway for sale,"Lekki, Lekki Expressway",Lekki Expressway,Lekki,550000000.0,vip_gold,400.0,5.0,5.0,Unfurnished
3bdrm Block of Flats in Palmgroove-Shomolu for sale,"Shomolu, Palmgroove",Palmgroove,Shomolu,350000000.0,enterprise,770.0,3.0,3.0,Semi-Furnished
"4bdrm Duplex in Ajah Lekki, Lagos Island / Lagos Island for sale","Lagos Island (Eko), Lagos Island / Lagos Island",Lagos Island / Lagos Island,Lagos Island (Eko),180000000.0,enterprise,400.0,4.0,5.0,Semi-Furnished
"3bdrm Bungalow in Diamond, Isheri / Egbe Idimu for sale","Egbe/Idimu, Isheri / Egbe Idimu",Isheri / Egbe Idimu,Egbe/Idimu,90000000.0,enterprise,300.0,3.0,4.0,Semi-Furnished
2bdrm Block of Flats in Kubwa for sale,"Abuja (FCT), Kubwa",Kubwa,Abuja (FCT),45000000.0,enterprise,735.0,2.0,2.0,Unfurnished
"4bdrm Bungalow in Government Layout, Kubwa for sale","Abuja (FCT), Kubwa",Kubwa,Abuja (FCT),55000000.0,premium,1000.0,4.0,4.0,Semi-Furnished
"Furnished 3bdrm Apartment in Hughes Apartments, Alagomeji for sale","Yaba, Alagomeji",Alagomeji,Yaba,200000000.0,False,200.0,3.0,3.0,Furnished
"20bdrm Block of Flats in Unity Estate, Egbeda for sale","Alimosho, Egbeda",Egbeda,Alimosho,180000000.0,enterprise,900.0,20.0,20.0,Semi-Furnished
"5bdrm Duplex in Tombia Estension Gra, Port-Harcourt for sale","Rivers State, Port-Harcourt",Port-Harcourt,Rivers State,280000000.0,enterprise,650.0,5.0,5.0,Semi-Furnished
3bdrm Block of Flats in Apo for sale,"Apo District, Apo Resettlement",Apo Resettlement,Apo District,380000000.0,diamond,1000.0,3.0,3.0,Unfurnished
1bdrm Room & Parlour in Off Adelabu for sale,"Surulere, Adelabu",Adelabu,Surulere,300000000.0,enterprise,500.0,1.0,2.0,Unfurnished
"6bdrm Block of Flats in Rev Gbogboade Off, Ado-Odo/Ota for sale","Ogun State, Ado-Odo/Ota",Ado-Odo/Ota,Ogun State,30000000.0,enterprise,350.0,6.0,6.0,Semi-Furnished
Furnished 4bdrm Duplex in Shonibare Estate for sale,"Maryland, Shonibare Estate",Shonibare Estate,Maryland,300000000.0,enterprise,500.0,4.0,4.0,Furnished
3bdrm Bungalow in Temidire Estate for sale,"Ibadan, Ologuneru",Ologuneru,Ibadan,55000000.0,diamond,630.0,3.0,4.0,Semi-Furnished
"5bdrm Duplex in Harmony, GRA Phase 1 for sale","Magodo, GRA Phase 1",GRA Phase 1,Magodo,250000000.0,enterprise,400.0,5.0,6.0,Semi-Furnished
"Furnished 2bdrm Block of Flats in Ikate, Lekki, Ajah for sale","Lagos State, Ajah",Ajah,Lagos State,220000000.0,enterprise,250.0,2.0,2.0,Furnished
"5bdrm Duplex in Ikota, Lekki for sale","Lagos State, Lekki",Lekki,Lagos State,270000000.0,enterprise,350.0,5.0,5.0,Semi-Furnished
Furnished 6bdrm Duplex in Ikoyi for sale,"Lagos State, Ikoyi",Ikoyi,Lagos State,2700000000.0,enterprise,500.0,6.0,6.0,Furnished
Furnished 4bdrm Duplex in Adeniran Ogunsanya for sale,"Surulere, Adeniran Ogunsanya",Adeniran Ogunsanya,Surulere,270000000.0,enterprise,500.0,4.0,4.0,Furnished
"Furnished 4bdrm Duplex in Unilag Estate, Arida for sale","Egbe/Idimu, Arida",Arida,Egbe/Idimu,185000000.0,enterprise,900.0,4.0,4.0,Furnished
"4bdrm Bungalow in Diamond Estate, Iseri Olofin for sale","Alimosho, Iseri Olofin",Iseri Olofin,Alimosho,85000000.0,enterprise,350.0,4.0,4.0,Semi-Furnished
5bdrm Duplex in Ajah for sale,"Lagos State, Ajah",Ajah,Lagos State,200000000.0,enterprise,350.0,5.0,5.0,Semi-Furnished
"3bdrm Bungalow in Ugborosun, Badagry / Badagry for sale","Badagry, Badagry / Badagry",Badagry / Badagry,Badagry,16000000.0,enterprise,600.0,3.0,3.0,Semi-Furnished
5bdrm Duplex in Magodo for sale,"Ojodu, Magodo Isheri",Magodo Isheri,Ojodu,250000000.0,enterprise,680.0,5.0,5.0,Semi-Furnished
"Furnished 10bdrm Duplex in Ago Palace, Okota for sale","Isolo, Okota",Okota,Isolo,350000000.0,enterprise,820.0,10.0,12.0,Furnished
6bdrm Duplex in Kaura for sale,"Abuja (FCT), Kaura",Kaura,Abuja (FCT),750000000.0,enterprise,600.0,6.0,6.0,Unfurnished
6bdrm Duplex in Wuye for sale,"Abuja (FCT), Wuye",Wuye,Abuja (FCT),320000000.0,enterprise,1000.0,6.0,6.0,Unfurnished
5bdrm Duplex in Lugbe District for sale,"Abuja (FCT), Lugbe District",Lugbe District,Abuja (FCT),180000000.0,enterprise,1000.0,5.0,5.0,Unfurnished
"3bdrm Block of Flats in Command, Ipaja for sale","Ipaja, Iyana Ipaja",Iyana Ipaja,Ipaja,65000000.0,enterprise,800.0,3.0,3.0,Semi-Furnished
3bdrm Apartment in Aguda / Surulere for sale,"Surulere, Aguda / Surulere",Aguda / Surulere,Surulere,120000000.0,vip,400.0,3.0,3.0,Unfurnished
"5bdrm Duplex in Ilasan, Ikate for sale","Lekki, Ikate",Ikate,Lekki,250000000.0,enterprise,420.0,5.0,5.0,Semi-Furnished
20bdrm Block of Flats in Surulere for sale,"Lagos State, Surulere",Surulere,Lagos State,2800000000.0,enterprise,1735.0,20.0,20.0,Semi-Furnished
"4bdrm Duplex in Jamnab Estate, Kubwa for sale","Abuja (FCT), Kubwa",Kubwa,Abuja (FCT),160000000.0,enterprise,300.0,4.0,4.0,Unfurnished
4bdrm Duplex in Ajah for sale,"Lagos State, Ajah",Ajah,Lagos State,265000000.0,enterprise,1000.0,4.0,4.0,Unfurnished
3bdrm Block of Flats in Aguda for sale,"Surulere, Aguda / Surulere",Aguda / Surulere,Surulere,200000000.0,enterprise,700.0,3.0,3.0,Semi-Furnished
"20bdrm Block of Flats in Igondu Phase 1, Back, Ikotun/Igando for sale","Lagos State, Ikotun/Igando",Ikotun/Igando,Lagos State,320000000.0,enterprise,650.0,20.0,20.0,Semi-Furnished
"Furnished 6bdrm Duplex in Gowon Estate, Alimosho for sale","Lagos State, Alimosho",Alimosho,Lagos State,550000000.0,enterprise,650.0,6.0,6.0,Furnished
Furnished 5bdrm Duplex in Ikota Lekki for sale,"Lekki, Ikota",Ikota,Lekki,270000000.0,enterprise,400.0,5.0,5.0,Furnished
3bdrm Block of Flats in Garki 2 for sale,"Abuja (FCT), Garki 2",Garki 2,Abuja (FCT),5000000000.0,premium,2000.0,3.0,4.0,Semi-Furnished
Furnished 2bdrm Block of Flats in Osborne for sale,"Ikoyi, Osborne Foreshore Estate",Osborne Foreshore Estate,Ikoyi,400000000.0,enterprise,600.0,2.0,2.0,Furnished
Furnished 5bdrm Duplex in Gra for sale,"Ikeja, Ikeja GRA",Ikeja GRA,Ikeja,1000000000.0,enterprise,500.0,5.0,5.0,Furnished
Furnished 5bdrm Duplex in Gbagada Lagos for sale,"Lagos State, Gbagada",Gbagada,Lagos State,520000000.0,enterprise,600.0,5.0,6.0,Furnished
"Furnished 4bdrm Duplex in Waterfall Terraces, Ojodu for sale","Lagos State, Ojodu",Ojodu,Lagos State,290000000.0,False,300.0,4.0,4.0,Furnished
13bdrm Block of Flats in Seliat Estate Egbeda for sale,"Alimosho, Egbeda",Egbeda,Alimosho,200000000.0,enterprise,800.0,13.0,13.0,Semi-Furnished
"6bdrm Block of Flats in Elija, Badagry for sale","Lagos State, Badagry",Badagry,Lagos State,12000000.0,enterprise,350.0,6.0,6.0,Unfurnished
Furnished 3bdrm Duplex in Ajao Estate for sale,"Isolo, Ajao Estate",Ajao Estate,Isolo,220000000.0,enterprise,800.0,3.0,3.0,Furnished
"12bdrm Block of Flats in Community Estate, Ago Palace for sale","Isolo, Ago Palace",Ago Palace,Isolo,200000000.0,enterprise,750.0,12.0,12.0,Semi-Furnished
5bdrm Duplex in Lugbe District for sale,"Abuja (FCT), Lugbe District",Lugbe District,Abuja (FCT),180000000.0,enterprise,500.0,5.0,4.0,Unfurnished
6bdrm Duplex in Guzape District for sale,"Abuja (FCT), Guzape District",Guzape District,Abuja (FCT),1300000000.0,enterprise,600.0,6.0,6.0,Unfurnished
"7bdrm Duplex in Federal Secretariat, for sale","Akwa Ibom State, Uyo",Uyo,Akwa Ibom State,80000000.0,premium,760.0,7.0,8.0,Semi-Furnished
Furnished 2bdrm Bungalow in Ayobo for sale,"Ipaja, Ayobo",Ayobo,Ipaja,75000000.0,diamond,600.0,2.0,3.0,Furnished
6bdrm Duplex in Asokoro Main Abuja for sale,"Abuja (FCT), Asokoro",Asokoro,Abuja (FCT),1500000000.0,enterprise,1000.0,6.0,7.0,Semi-Furnished
"3bdrm Bungalow in Sunrise, Kuduru for sale","Bwari, Kuduru",Kuduru,Bwari,40000000.0,False,450.0,3.0,3.0,Semi-Furnished
Furnished 7bdrm House in Ife for sale,"Osun State, Ife",Ife,Osun State,13000000.0,False,675.0,7.0,2.0,Furnished
16bdrm House in Ago Okota Lagos for sale,"Isolo, Okota",Okota,Isolo,160000000.0,False,673.0,16.0,16.0,Semi-Furnished
"Furnished 3bdrm Bungalow in Elewuro, Akobo for sale","Ibadan, Akobo",Akobo,Ibadan,43000000.0,enterprise,712.0,3.0,3.0,Furnished
4bdrm Duplex in Lekki Right for sale,"Lekki, Lekki Phase 1",Lekki Phase 1,Lekki,400000000.0,diamond,100.0,4.0,4.0,Unfurnished
5bdrm Duplex in Ikate for sale,"Lekki, Ikate",Ikate,Lekki,750000000.0,premium,100.0,5.0,5.0,Unfurnished
"3bdrm Bungalow in Redeemer Estate, Lugbe District for sale","Abuja (FCT), Lugbe District",Lugbe District,Abuja (FCT),90000000.0,enterprise,400.0,3.0,4.0,Unfurnished
"2bdrm House in Oha, Warri for sale","Delta State, Warri",Warri,Delta State,22000000.0,False,5000.0,2.0,3.0,Unfurnished
5bdrm Duplex in Abraham Adesanya Estate for sale,"Ajah, Abraham Adesanya Estate",Abraham Adesanya Estate,Ajah,135000000.0,enterprise,200.0,5.0,4.0,Unfurnished
"2bdrm Apartment in Ademokoya, Ifo for sale","Ogun State, Ifo",Ifo,Ogun State,25000000.0,vip,60.0,2.0,3.0,Unfurnished
"4bdrm Duplex in Orchid, Lekki for sale","Lagos State, Lekki",Lekki,Lagos State,200000000.0,diamond,100.0,4.0,4.0,Unfurnished
Furnished 6bdrm Block of Flats in Mafoluku Axis Oshodi for sale,"Oshodi, Mafoluku",Mafoluku,Oshodi,320000000.0,basic,645.0,6.0,5.0,Furnished
2bdrm Apartment in Karu-Nasarawa for sale,"Nasarawa State, Karu-Nasarawa",Karu-Nasarawa,Nasarawa State,18000000.0,False,535.0,2.0,3.0,Unfurnished
6bdrm Duplex in Asokoro Main Abuja for sale,"Abuja (FCT), Asokoro",Asokoro,Abuja (FCT),800000000.0,enterprise,600.0,6.0,7.0,Semi-Furnished
"4bdrm Duplex in Prime Properties, Oshimili South for sale","Delta State, Oshimili South",Oshimili South,Delta State,150000000.0,False,4645.0,4.0,5.0,Unfurnished
Furnished 4bdrm Duplex in Abule Egba for sale,"Lagos State, Abule Egba",Abule Egba,Lagos State,20000000.0,False,250.0,4.0,4.0,Furnished
"Furnished 8bdrm Block of Flats in Baale Animashaun, Alakuko for sale","Ifako-Ijaiye, Alakuko",Alakuko,Ifako-Ijaiye,120000000.0,False,589.0,8.0,10.0,Furnished
4bdrm Duplex in Lekki Expressway for sale,"Lekki, Lekki Expressway",Lekki Expressway,Lekki,325000000.0,vip_gold,400.0,4.0,4.0,Unfurnished
"3bdrm Block of Flats in Johnson Estate, Mabushi for sale","Abuja (FCT), Mabushi",Mabushi,Abuja (FCT),180000000.0,False,1300.0,3.0,4.0,Unfurnished
"5bdrm Duplex in Orchid, Lekki for sale","Lagos State, Lekki",Lekki,Lagos State,650000000.0,diamond,100.0,5.0,5.0,Unfurnished
2bdrm Apartment in Wuye for sale,"Abuja (FCT), Wuye",Wuye,Abuja (FCT),85000000.0,premium,300.0,2.0,2.0,Unfurnished
6bdrm Block of Flats in Oke-Ira / Ogba for sale,"Ogba, Oke-Ira / Ogba",Oke-Ira / Ogba,Ogba,170000000.0,False,600.0,6.0,6.0,Unfurnished
2bdrm Block of Flats in Kubwa for sale,"Abuja (FCT), Kubwa",Kubwa,Abuja (FCT),50000000.0,premium,300.0,2.0,2.0,Semi-Furnished
"3bdrm House in Olambe, Ifo for sale","Ogun State, Ifo",Ifo,Ogun State,27000000.0,vip,100.0,3.0,3.0,Unfurnished
4bdrm Townhouse/Terrace in Jahi for sale,"Abuja (FCT), Jahi",Jahi,Abuja (FCT),260000000.0,premium,300.0,4.0,4.0,Unfurnished
"5bdrm House in Good Heart Estate, FHA for sale","Lugbe District, FHA",FHA,Lugbe District,80000000.0,False,600.0,5.0,6.0,Semi-Furnished
4bdrm Duplex in Akoto Estate for sale,"Ibadan, Oluyole Estate",Oluyole Estate,Ibadan,115000000.0,vip_gold,500.0,4.0,4.0,Semi-Furnished
"4bdrm Bungalow in High Cost, Kaduna / Kaduna State for sale","Kaduna State, Kaduna / Kaduna State",Kaduna / Kaduna State,Kaduna State,95000000.0,False,600.0,4.0,4.0,Unfurnished
"4bdrm Duplex in Orchid, Lekki for sale","Lagos State, Lekki",Lekki,Lagos State,160000000.0,diamond,100.0,4.0,4.0,Unfurnished
"4bdrm Duplex in Orchid, Lekki Lagos for sale","Lagos State, Lekki",Lekki,Lagos State,200000000.0,False,250.0,4.0,4.0,Unfurnished
2bdrm Block of Flats in FHA for sale,"Lugbe District, FHA",FHA,Lugbe District,55000000.0,basic,50.0,2.0,2.0,Unfurnished
4bdrm Duplex in Jabi for sale,"Abuja (FCT), Jabi",Jabi,Abuja (FCT),400000000.0,basic,400.0,4.0,4.0,Unfurnished
4bdrm Duplex in Katampe (Main) for sale,"Katampe, Katampe (Main)",Katampe (Main),Katampe,350000000.0,basic,32.0,4.0,4.0,Unfurnished
5bdrm Duplex in Kubwa for sale,"Abuja (FCT), Kubwa",Kubwa,Abuja (FCT),200000000.0,diamond,300.0,5.0,6.0,Semi-Furnished
4bdrm Townhouse/Terrace in Opebi for sale,"Ikeja, Opebi",Opebi,Ikeja,470000000.0,enterprise,200.0,4.0,4.0,Semi-Furnished
Furnished 4bdrm Penthouse in Ikoyi S.W for sale,"Ikoyi, Ikoyi S.W",Ikoyi S.W,Ikoyi,1150000000.0,enterprise,300.0,4.0,4.0,Furnished
"5bdrm Duplex in Orchid, Lekki for sale","Lagos State, Lekki",Lekki,Lagos State,700000000.0,diamond,100.0,5.0,5.0,Unfurnished
"5bdrm Duplex in Orchid, Lekki for sale","Lagos State, Lekki",Lekki,Lagos State,520000000.0,diamond,100.0,5.0,5.0,Unfurnished
4bdrm Townhouse/Terrace in Allen for sale,"Ikeja, Allen Avenue",Allen Avenue,Ikeja,350000000.0,enterprise,200.0,4.0,4.0,Semi-Furnished
4bdrm Duplex in Adeniyi Jones for sale,"Ikeja, Adeniyi Jones",Adeniyi Jones,Ikeja,450000000.0,enterprise,212.0,4.0,4.0,Semi-Furnished
"2bdrm Bungalow in Ogbondoroko Town, Asa for sale","Kwara State, Asa",Asa,Kwara State,4000000.0,diamond,450.0,2.0,2.0,Unfurnished
"6bdrm Bungalow in Abesan Estate Ipaja, Akowonjo for sale","Alimosho, Akowonjo",Akowonjo,Alimosho,160000000.0,diamond,987.0,6.0,6.0,Semi-Furnished
"3bdrm Bungalow in ., Lugbe District for sale","Abuja (FCT), Lugbe District",Lugbe District,Abuja (FCT),110000000.0,diamond,800.0,3.0,4.0,Unfurnished
3bdrm House in Akinyele for sale,"Oyo State, Akinyele",Akinyele,Oyo State,18000000.0,basic,467.0,3.0,3.0,Semi-Furnished
"6bdrm Duplex in Estate, Guzape District for sale","Abuja (FCT), Guzape District",Guzape District,Abuja (FCT),1500000000.0,diamond,1000.0,6.0,6.0,Unfurnished
"5bdrm Duplex in Estate, Katampe Extension for sale","Katampe, Katampe Extension",Katampe Extension,Katampe,1000000000.0,diamond,2000.0,5.0,6.0,Unfurnished
"Furnished 2bdrm Apartment in Lakowe Gulf Course, Lekki for sale","Lagos State, Lekki",Lekki,Lagos State,300000000.0,enterprise,200.0,2.0,3.0,Furnished
Mini Flat in Urban Shelter At for sale,"Lagos State, Ajah",Ajah,Lagos State,60000000.0,enterprise,100.0,1.0,1.0,Semi-Furnished
3bdrm Apartment in Oral Estate Lekki for sale,"Lagos State, Lekki",Lekki,Lagos State,90000000.0,enterprise,200.0,3.0,3.0,Semi-Furnished
Furnished 3bdrm Apartment in Lakowe Lakes Gulf for sale,"Ibeju, Lakowe",Lakowe,Ibeju,550000000.0,enterprise,200.0,3.0,3.0,Furnished
"Furnished 3bdrm Duplex in Golf Course Estate, Ibeju for sale","Lagos State, Ibeju",Ibeju,Lagos State,550000000.0,enterprise,300.0,3.0,3.0,Furnished
"3bdrm Duplex in Urban Prime Estate, Ajah for sale","Lagos State, Ajah",Ajah,Lagos State,120000000.0,enterprise,100.0,3.0,3.0,Semi-Furnished
"3bdrm Apartment in Petrichor Apartments, Lekki for sale","Lagos State, Lekki",Lekki,Lagos State,160000000.0,enterprise,300.0,3.0,3.0,Semi-Furnished
4bdrm Duplex in Ajah for sale,"Lagos State, Ajah",Ajah,Lagos State,115000000.0,diamond,600.0,4.0,4.0,Unfurnished
4bdrm Duplex in Lekki for sale,"Lagos State, Lekki",Lekki,Lagos State,205000000.0,enterprise,200.0,4.0,5.0,Semi-Furnished
4bdrm Duplex in Katampe for sale,"Abuja (FCT), Katampe",Katampe,Abuja (FCT),350000000.0,False,2000.0,4.0,5.0,Semi-Furnished
Furnished 3bdrm Duplex in Lugbe District for sale,"Abuja (FCT), Lugbe District",Lugbe District,Abuja (FCT),78000000.0,False,350.0,3.0,4.0,Furnished
2bdrm Duplex in Ajah for sale,"Lagos State, Ajah",Ajah,Lagos State,110000000.0,enterprise,500.0,2.0,2.0,Unfurnished
Furnished 4bdrm Duplex in Akala Express for sale,"Ibadan, Akala Express",Akala Express,Ibadan,115000000.0,premium,500.0,4.0,4.0,Furnished
2bdrm Block of Flats in Katampe for sale,"Abuja (FCT), Katampe",Katampe,Abuja (FCT),90000000.0,False,1200.0,2.0,2.0,Semi-Furnished
4bdrm Duplex in Kado for sale,"Abuja (FCT), Kado",Kado,Abuja (FCT),350000000.0,False,2500.0,4.0,6.0,Semi-Furnished
"Furnished 4bdrm Duplex in Pinnock Beach Estate, Osapa london for sale","Lekki, Osapa london",Osapa london,Lekki,850000000.0,enterprise,920.0,4.0,4.0,Furnished
5bdrm Duplex in Chevron for sale,"Lekki, Chevron",Chevron,Lekki,450000000.0,enterprise,500.0,5.0,5.0,Semi-Furnished
"Furnished 3bdrm Bungalow in Coconut Estate, Bogije for sale","Ibeju, Bogije",Bogije,Ibeju,30000000.0,False,3012.0,3.0,4.0,Furnished
4bdrm House in Jahi for sale,"Abuja (FCT), Jahi",Jahi,Abuja (FCT),550000000.0,False,1500.0,4.0,5.0,Semi-Furnished
Furnished 4bdrm Duplex in Sangotedo for sale,"Ajah, Sangotedo",Sangotedo,Ajah,165000000.0,enterprise,250.0,4.0,4.0,Furnished
"5bdrm Duplex in Lakeview Estate, Lafiaji for sale","Lekki, Lafiaji",Lafiaji,Lekki,450000000.0,enterprise,600.0,5.0,5.0,Semi-Furnished
"4bdrm Duplex in Efab Queens, Gwarinpa for sale","Abuja (FCT), Gwarinpa",Gwarinpa,Abuja (FCT),300000000.0,diamond,500.0,4.0,4.0,Unfurnished
2bdrm Maisonette in Ikate for sale,"Lekki, Ikate",Ikate,Lekki,250000000.0,enterprise,500.0,2.0,2.0,Unfurnished
3bdrm Apartment in Lekki Phase 1 for sale,"Lekki, Lekki Phase 1",Lekki Phase 1,Lekki,340000000.0,enterprise,500.0,3.0,3.0,Unfurnished
4bdrm Apartment in Lekki Phase 1 for sale,"Lekki, Lekki Phase 1",Lekki Phase 1,Lekki,400000000.0,enterprise,500.0,4.0,4.0,Unfurnished
Furnished 1bdrm Apartment in Karu for sale,"Abuja (FCT), Karu",Karu,Abuja (FCT),150000000.0,diamond,500.0,1.0,2.0,Furnished
5bdrm Duplex in Dakwo District for sale,"Abuja (FCT), Dakwo District",Dakwo District,Abuja (FCT),480000000.0,diamond,700.0,5.0,8.0,Semi-Furnished
"4bdrm Duplex in Nill, Enugu for sale","Enugu State, Enugu",Enugu,Enugu State,160000000.0,diamond,500.0,4.0,4.0,Unfurnished
"Furnished 4bdrm Duplex in Efab Metropolitan, Gwarinpa for sale","Abuja (FCT), Gwarinpa",Gwarinpa,Abuja (FCT),320000000.0,diamond,500.0,4.0,6.0,Furnished
7bdrm Mansion in Asokoro Mansion for sale,"Abuja (FCT), Asokoro",Asokoro,Abuja (FCT),650000000.0,diamond,450.0,7.0,10.0,Semi-Furnished
2bdrm Block of Flats in Makurdi for sale,"Benue State, Makurdi",Makurdi,Benue State,500000000.0,diamond,2400.0,2.0,2.0,Unfurnished
"8bdrm Block of Flats in Nill, Oshimili North for sale","Delta State, Oshimili North",Oshimili North,Delta State,200000000.0,diamond,500.0,8.0,10.0,Unfurnished
"6bdrm Duplex in Nill, Enugu for sale","Enugu State, Enugu",Enugu,Enugu State,350000000.0,diamond,500.0,6.0,8.0,Unfurnished
4bdrm Duplex in Jahi for sale,"Abuja (FCT), Jahi",Jahi,Abuja (FCT),1600000000.0,diamond,800.0,4.0,5.0,Semi-Furnished
4bdrm Duplex in Mararaba for sale,"Abuja (FCT), Mararaba",Mararaba,Abuja (FCT),300000000.0,diamond,600.0,4.0,6.0,Semi-Furnished
4bdrm Duplex in Maitama for sale,"Abuja (FCT), Maitama",Maitama,Abuja (FCT),2800000000.0,diamond,1040.0,4.0,7.0,Unfurnished
20bdrm House in Mararaba for sale,"Abuja (FCT), Mararaba",Mararaba,Abuja (FCT),120000000.0,diamond,1000.0,20.0,20.0,Semi-Furnished
"Furnished 4bdrm Duplex in Efab Metro Estate, Gwarinpa for sale","Abuja (FCT), Gwarinpa",Gwarinpa,Abuja (FCT),300000000.0,diamond,500.0,4.0,6.0,Furnished
4bdrm Duplex in Apo Resettlement for sale,"Apo District, Apo Resettlement",Apo Resettlement,Apo District,420000000.0,diamond,600.0,4.0,6.0,Semi-Furnished
4bdrm Duplex in Enugu for sale,"Enugu State, Enugu",Enugu,Enugu State,360000000.0,diamond,500.0,4.0,5.0,Unfurnished
5bdrm Duplex in Gudu for sale,"Abuja (FCT), Gudu",Gudu,Abuja (FCT),350000000.0,diamond,500.0,5.0,7.0,Unfurnished
5bdrm Duplex in Asokoro for sale,"Abuja (FCT), Asokoro",Asokoro,Abuja (FCT),1300000000.0,diamond,500.0,5.0,7.0,Semi-Furnished
"5bdrm Duplex in Grangreg Estate, Kurudu for sale","Abuja (FCT), Kurudu",Kurudu,Abuja (FCT),100000000.0,diamond,400.0,5.0,6.0,Unfurnished
5bdrm Duplex in Abijo Gra for sale,"Ibeju, Abijo",Abijo,Ibeju,165000000.0,enterprise,400.0,5.0,5.0,Semi-Furnished
"Furnished 3bdrm Duplex in Value Chain Estate, Dawaki for sale","Gwarinpa, Dawaki",Dawaki,Gwarinpa,190000000.0,diamond,700.0,3.0,4.0,Furnished
4bdrm Duplex in Ajah for sale,"Lagos State, Ajah",Ajah,Lagos State,160000000.0,enterprise,500.0,4.0,4.0,Unfurnished
3bdrm Block of Flats in Abijo for sale,"Ibeju, Abijo",Abijo,Ibeju,48000000.0,enterprise,200.0,3.0,3.0,Semi-Furnished
5bdrm Duplex in Lekki for sale,"Lagos State, Lekki",Lekki,Lagos State,1400000000.0,enterprise,400.0,5.0,6.0,Semi-Furnished
"4bdrm House in Covenant Road, Lekki Phase 1 for sale","Lekki, Lekki Phase 1",Lekki Phase 1,Lekki,220000000.0,diamond,11.0,4.0,4.0,Unfurnished
"4bdrm Duplex in Aso, Sabon Lugbe for sale","Lugbe District, Sabon Lugbe",Sabon Lugbe,Lugbe District,180000000.0,diamond,500.0,4.0,5.0,Unfurnished
Furnished 4bdrm Duplex in Chevron for sale,"Lekki, Chevron",Chevron,Lekki,250000000.0,enterprise,250.0,4.0,4.0,Furnished
4bdrm Duplex in Ikota Gra for sale,"Lekki, Ikota",Ikota,Lekki,140000000.0,enterprise,200.0,4.0,4.0,Semi-Furnished
"4bdrm Duplex in Hrc Estate, Lekki for sale","Lagos State, Lekki",Lekki,Lagos State,250000000.0,enterprise,300.0,4.0,4.0,Semi-Furnished
"4bdrm Duplex in Beachwood Estate, Bogije for sale","Ibeju, Bogije",Bogije,Ibeju,150000000.0,enterprise,250.0,4.0,4.0,Unfurnished
"4bdrm Duplex in Awoyaya, Lekki for sale","Lagos State, Lekki",Lekki,Lagos State,85000000.0,enterprise,250.0,4.0,4.0,Semi-Furnished
"4bdrm Duplex in Sangotedo, Lekki for sale","Lagos State, Lekki",Lekki,Lagos State,300000000.0,enterprise,300.0,4.0,4.0,Semi-Furnished
5bdrm Duplex in Life Camp for sale,"Gwarinpa, Life Camp",Life Camp,Gwarinpa,350000000.0,False,2000.0,5.0,6.0,Unfurnished
"Furnished 3bdrm Block of Flats in Ajia Elebu, Ibadan for sale","Oyo State, Ibadan",Ibadan,Oyo State,95000000.0,diamond,800.0,3.0,4.0,Furnished
"2bdrm Block of Flats in Non, Abuja (FCT) for sale",Abuja (FCT),Abuja (FCT),,70000000.0,diamond,500.0,2.0,2.0,Semi-Furnished
"Furnished 5bdrm Duplex in Riverpark, Lugbe District for sale","Abuja (FCT), Lugbe District",Lugbe District,Abuja (FCT),350000000.0,diamond,500.0,5.0,5.0,Furnished
5bdrm Duplex in Ikota Gra for sale,"Lekki, Ikota",Ikota,Lekki,350000000.0,enterprise,400.0,5.0,5.0,Semi-Furnished
Furnished 4bdrm Duplex in Chevron for sale,"Lekki, Chevron",Chevron,Lekki,300000000.0,enterprise,300.0,4.0,4.0,Furnished
"3bdrm Duplex in Oribanwa, Awoyaya for sale","Ibeju, Awoyaya",Awoyaya,Ibeju,80000000.0,enterprise,250.0,3.0,3.0,Unfurnished
2bdrm Duplex in Kubwa for sale,"Abuja (FCT), Kubwa",Kubwa,Abuja (FCT),175000000.0,diamond,600.0,2.0,2.0,Semi-Furnished
4bdrm Duplex in Life Camp for sale,"Gwarinpa, Life Camp",Life Camp,Gwarinpa,190000000.0,False,2000.0,4.0,5.0,Semi-Furnished
2bdrm Duplex in Carlton Gate Estate for sale,"Oyo State, Ibadan",Ibadan,Oyo State,100000000.0,diamond,500.0,2.0,2.0,Unfurnished
"4bdrm Duplex in Ikota, Lekki for sale","Lagos State, Lekki",Lekki,Lagos State,250000000.0,enterprise,200.0,4.0,5.0,Semi-Furnished
"5bdrm Duplex in Chevron Conservative, Lekki for sale","Lagos State, Lekki",Lekki,Lagos State,450000000.0,enterprise,270.0,5.0,6.0,Semi-Furnished
Furnished 3bdrm Block of Flats in Yawiri Ojuirin Akobo for sale,"Oyo State, Ibadan",Ibadan,Oyo State,70000000.0,diamond,800.0,3.0,3.0,Furnished
"4bdrm Duplex in Orchid Road, Lekki for sale","Lagos State, Lekki",Lekki,Lagos State,190000000.0,enterprise,250.0,4.0,4.0,Semi-Furnished
4bdrm Block of Flats in Ibadan for sale,"Oyo State, Ibadan",Ibadan,Oyo State,80000000.0,diamond,600.0,4.0,5.0,Unfurnished
5bdrm Duplex in Bodija for sale,"Ibadan, Bodija",Bodija,Ibadan,198000000.0,enterprise,300.0,5.0,6.0,Semi-Furnished
"4bdrm Duplex in Sangotedo, Lekki for sale","Lagos State, Lekki",Lekki,Lagos State,200000000.0,enterprise,250.0,4.0,5.0,Semi-Furnished
"5bdrm Duplex in Ikota, Lekki for sale","Lagos State, Lekki",Lekki,Lagos State,420000000.0,enterprise,350.0,5.0,6.0,Semi-Furnished
4bdrm Block of Flats in Ibadan for sale,"Oyo State, Ibadan",Ibadan,Oyo State,20000000.0,diamond,700.0,4.0,6.0,Unfurnished
"4bdrm Bungalow in Trademore Estate, Lugbe District for sale","Abuja (FCT), Lugbe District",Lugbe District,Abuja (FCT),70000000.0,diamond,600.0,4.0,4.0,Unfurnished
"4bdrm Duplex in Nureni Yusuf Estate, Abule Egba for sale","Lagos State, Abule Egba",Abule Egba,Lagos State,165000000.0,diamond,300.0,4.0,4.0,Semi-Furnished
"Furnished 4bdrm Bungalow in Mayfair Gardens, Awoyaya for sale","Ibeju, Awoyaya",Awoyaya,Ibeju,130000000.0,enterprise,300.0,4.0,4.0,Furnished
"4bdrm Duplex in Ajah, Lekki for sale","Lagos State, Lekki",Lekki,Lagos State,145000000.0,enterprise,150.0,4.0,5.0,Semi-Furnished
2bdrm Duplex in Kubwa for sale,"Abuja (FCT), Kubwa",Kubwa,Abuja (FCT),110000000.0,diamond,600.0,2.0,2.0,Semi-Furnished
3bdrm Block of Flats in Katampe (Main) for sale,"Katampe, Katampe (Main)",Katampe (Main),Katampe,130000000.0,diamond,500.0,3.0,3.0,Semi-Furnished
2bdrm Apartment in Ajah for sale,"Lagos State, Ajah",Ajah,Lagos State,80000000.0,enterprise,200.0,2.0,3.0,Unfurnished
"4bdrm Duplex in Salley, Lugbe District for sale","Abuja (FCT), Lugbe District",Lugbe District,Abuja (FCT),255000000.0,diamond,600.0,4.0,5.0,Unfurnished
4bdrm Duplex in Ikota for sale,"Lekki, Ikota",Ikota,Lekki,200000000.0,enterprise,250.0,4.0,4.0,Semi-Furnished
"4bdrm Duplex in Mshel, Sabon Lugbe for sale","Lugbe District, Sabon Lugbe",Sabon Lugbe,Lugbe District,155000000.0,diamond,500.0,4.0,4.0,Unfurnished
"5bdrm Duplex in Rock, Sabon Lugbe for sale","Lugbe District, Sabon Lugbe",Sabon Lugbe,Lugbe District,190000000.0,diamond,500.0,5.0,7.0,Unfurnished
"Furnished 3bdrm Bungalow in Adron City Park And, Ibadan for sale","Oyo State, Ibadan",Ibadan,Oyo State,99750000.0,enterprise,540.0,3.0,4.0,Furnished
3bdrm Apartment in Ikate Lekki for sale,"Lekki, Ikate",Ikate,Lekki,220000000.0,enterprise,400.0,3.0,3.0,Unfurnished
Furnished 4bdrm Duplex in Chevron for sale,"Lekki, Chevron",Chevron,Lekki,350000000.0,enterprise,400.0,4.0,4.0,Furnished
"5bdrm Duplex in Peace Garden Estate, Sangotedo for sale","Ajah, Sangotedo",Sangotedo,Ajah,250000000.0,enterprise,450.0,5.0,5.0,Unfurnished
4bdrm Duplex in Lekki for sale,"Lagos State, Lekki",Lekki,Lagos State,260000000.0,enterprise,200.0,4.0,5.0,Semi-Furnished
"5bdrm Duplex in Amazing Grace Estate, Baruwa for sale","Ipaja, Baruwa",Baruwa,Ipaja,150000000.0,diamond,406.0,5.0,5.0,Semi-Furnished
3bdrm Bungalow in Ado Ekiti for sale,"Ekiti State, Ado Ekiti",Ado Ekiti,Ekiti State,37000000.0,False,700.0,3.0,4.0,Semi-Furnished
"4bdrm Duplex in Vine, Sabon Lugbe for sale","Lugbe District, Sabon Lugbe",Sabon Lugbe,Lugbe District,138000000.0,diamond,500.0,4.0,4.0,Unfurnished
Furnished 2bdrm Apartment in Ikota for sale,"Lekki, Ikota",Ikota,Lekki,150000000.0,enterprise,250.0,2.0,2.0,Furnished
5bdrm Duplex in Lekki for sale,"Lagos State, Lekki",Lekki,Lagos State,1200000000.0,enterprise,400.0,5.0,6.0,Semi-Furnished
"4bdrm Duplex in Victoria Gardan City, Lekki for sale","Lagos State, Lekki",Lekki,Lagos State,450000000.0,enterprise,500.0,4.0,5.0,Semi-Furnished
"4bdrm Duplex in Atlantic Layout, Ajah for sale","Lagos State, Ajah",Ajah,Lagos State,130000000.0,enterprise,300.0,4.0,4.0,Semi-Furnished
"5bdrm Duplex in Ochacho Real Homes, Idu for sale","Jiwa, Idu",Idu,Jiwa,255000000.0,diamond,500.0,5.0,6.0,Unfurnished
"4bdrm Duplex in 4Tree4, Lugbe District for sale","Abuja (FCT), Lugbe District",Lugbe District,Abuja (FCT),175000000.0,diamond,450.0,4.0,5.0,Unfurnished
"4bdrm Duplex in Beachwood Estate, Bogije for sale","Ibeju, Bogije",Bogije,Ibeju,150000000.0,enterprise,300.0,4.0,4.0,Semi-Furnished
"4bdrm Duplex in Ajah, Lekki for sale","Lagos State, Lekki",Lekki,Lagos State,160000000.0,enterprise,215.0,4.0,4.0,Semi-Furnished
5bdrm Duplex in Lekki for sale,"Lagos State, Lekki",Lekki,Lagos State,1500000000.0,enterprise,300.0,5.0,6.0,Semi-Furnished
"5bdrm Duplex in Queens Drive, Ikoyi for sale","Lagos State, Ikoyi",Ikoyi,Lagos State,2400000000.0,enterprise,300.0,5.0,6.0,Semi-Furnished
"4bdrm Duplex in Ikota Gra Extension, Lekki for sale","Lagos State, Lekki",Lekki,Lagos State,140000000.0,enterprise,200.0,4.0,4.0,Semi-Furnished
2bdrm Apartment in Abijo for sale,"Ibeju, Abijo",Abijo,Ibeju,45000000.0,enterprise,1000.0,2.0,2.0,Unfurnished
5bdrm Duplex in Lekki for sale,"Lagos State, Lekki",Lekki,Lagos State,1700000000.0,enterprise,300.0,5.0,6.0,Semi-Furnished
2bdrm Apartment in Lekki Scheme2 for sale,"Lagos State, Ajah",Ajah,Lagos State,85000000.0,enterprise,150.0,2.0,2.0,Semi-Furnished
"2bdrm Bungalow in Alone A Compound, Dawaki for sale","Gwarinpa, Dawaki",Dawaki,Gwarinpa,120000000.0,diamond,1120.0,2.0,2.0,Semi-Furnished
"4bdrm Bungalow in Not Estate, Igando / Ikotun/Igando for sale","Ikotun/Igando, Igando / Ikotun/Igando",Igando / Ikotun/Igando,Ikotun/Igando,25000000.0,diamond,300.0,4.0,4.0,Semi-Furnished
4bdrm Duplex in Ibadan for sale,"Oyo State, Ibadan",Ibadan,Oyo State,240000000.0,diamond,1200.0,4.0,5.0,Semi-Furnished
"3bdrm Bungalow in Adron London Park, Ibadan for sale","Oyo State, Ibadan",Ibadan,Oyo State,29000000.0,enterprise,540.0,3.0,4.0,Unfurnished
1bdrm Block of Flats in Katampe for sale,"Abuja (FCT), Katampe",Katampe,Abuja (FCT),80000000.0,False,500.0,1.0,1.0,Semi-Furnished
"Furnished 7bdrm Duplex in Amen Estate, Eleko for sale","Ibeju, Eleko",Eleko,Ibeju,600000000.0,enterprise,1715.0,7.0,7.0,Furnished
"4bdrm Duplex in Peace Garden Estate, Sangotedo for sale","Ajah, Sangotedo",Sangotedo,Ajah,380000000.0,enterprise,450.0,4.0,4.0,Semi-Furnished
12bdrm Apartment in Ibadan for sale,"Oyo State, Ibadan",Ibadan,Oyo State,200000000.0,diamond,3000.0,12.0,10.0,Unfurnished
5bdrm Duplex in Ikate for sale,"Lekki, Ikate",Ikate,Lekki,700000000.0,vip_gold,123.0,5.0,5.0,Unfurnished
"3bdrm Bungalow in Eleyele, Ibadan for sale","Oyo State, Ibadan",Ibadan,Oyo State,60000000.0,diamond,600.0,3.0,4.0,Unfurnished
"3bdrm Apartment in Unity Estate Phase 3, Ado-Odo/Ota for sale","Ogun State, Ado-Odo/Ota",Ado-Odo/Ota,Ogun State,15000000.0,False,200.0,3.0,2.0,Unfurnished
1bdrm House in Bwari for sale,"Abuja (FCT), Bwari",Bwari,Abuja (FCT),370000000.0,diamond,2500.0,1.0,1.0,Semi-Furnished
2bdrm Apartment in Ajah for sale,"Lagos State, Ajah",Ajah,Lagos State,70000000.0,enterprise,200.0,2.0,3.0,Semi-Furnished
4bdrm Duplex in Lekki for sale,"Lagos State, Lekki",Lekki,Lagos State,220000000.0,enterprise,500.0,4.0,4.0,Unfurnished
5bdrm Duplex in Omole Phase 1 for sale,"Ikeja, Omole Phase 1",Omole Phase 1,Ikeja,550000000.0,diamond,300.0,5.0,6.0,Semi-Furnished
Furnished 5bdrm Duplex in Sangotedo for sale,"Ajah, Sangotedo",Sangotedo,Ajah,190000000.0,enterprise,400.0,5.0,5.0,Furnished
"3bdrm Duplex in Cyberville Estate, Ajah for sale","Lagos State, Ajah",Ajah,Lagos State,200000000.0,enterprise,200.0,3.0,3.0,Semi-Furnished
Furnished 4bdrm Duplex in Ibadan for sale,"Oyo State, Ibadan",Ibadan,Oyo State,150000000.0,enterprise,600.0,4.0,5.0,Furnished
"3bdrm Bungalow in Gloverwood Bungalows, Ologuneru for sale","Ibadan, Ologuneru",Ologuneru,Ibadan,60900000.0,enterprise,300.0,3.0,4.0,Semi-Furnished
"5bdrm Duplex in Ikate, Ilasan for sale","Lekki, Ilasan",Ilasan,Lekki,300000000.0,enterprise,600.0,5.0,5.0,Semi-Furnished
3bdrm Apartment in Abijo for sale,"Ibeju, Abijo",Abijo,Ibeju,140000000.0,enterprise,1200.0,3.0,3.0,Unfurnished
12bdrm House in Eleko for sale,"Ibeju, Eleko",Eleko,Ibeju,400000000.0,premium,500.0,12.0,12.0,Semi-Furnished
4bdrm Duplex in Ikota Gra Estate for sale,"Lekki, Ikota",Ikota,Lekki,95000000.0,enterprise,300.0,4.0,4.0,Semi-Furnished
3bdrm Duplex in Guzape Main for sale,"Abuja (FCT), Guzape District",Guzape District,Abuja (FCT),300000000.0,diamond,1000.0,3.0,3.0,Unfurnished
4bdrm Mansion in Apo Resettlement for sale,"Apo District, Apo Resettlement",Apo Resettlement,Apo District,95000000.0,vip_gold,300.0,4.0,5.0,Semi-Furnished
3bdrm Block of Flats in Katampe (Main) for sale,"Katampe, Katampe (Main)",Katampe (Main),Katampe,165000000.0,diamond,500.0,3.0,3.0,Semi-Furnished
5bdrm Duplex in Lekki for sale,"Lagos State, Lekki",Lekki,Lagos State,370000000.0,enterprise,200.0,5.0,6.0,Semi-Furnished
2bdrm Apartment in Lekki Phase One for sale,"Lekki, Lekki Phase 1",Lekki Phase 1,Lekki,300000000.0,enterprise,500.0,2.0,2.0,Unfurnished
"5bdrm Duplex in Estate, Sabon Lugbe for sale","Lugbe District, Sabon Lugbe",Sabon Lugbe,Lugbe District,140000000.0,diamond,500.0,5.0,5.0,Unfurnished
5bdrm Duplex in Life Camp for sale,"Gwarinpa, Life Camp",Life Camp,Gwarinpa,250000000.0,False,2000.0,5.0,6.0,Unfurnished
"4bdrm Duplex in Monastery Road, Lekki for sale","Lagos State, Lekki",Lekki,Lagos State,140000000.0,enterprise,300.0,4.0,4.0,Semi-Furnished
"Furnished 4bdrm Duplex in Ogunfayo, Awoyaya for sale","Ibeju, Awoyaya",Awoyaya,Ibeju,85000000.0,enterprise,300.0,4.0,4.0,Furnished
"4bdrm Duplex in Non, Kubwa for sale","Abuja (FCT), Kubwa",Kubwa,Abuja (FCT),150000000.0,diamond,500.0,4.0,4.0,Semi-Furnished
"Furnished 2bdrm Duplex in Carlton Gate Estate,, Lagelu for sale","Oyo State, Lagelu",Lagelu,Oyo State,100000000.0,False,500.0,2.0,2.0,Furnished
"4bdrm Duplex in Thomas Estate, Ajah for sale","Lagos State, Ajah",Ajah,Lagos State,165000000.0,enterprise,400.0,4.0,4.0,Semi-Furnished
7bdrm Duplex in Kubwa for sale,"Abuja (FCT), Kubwa",Kubwa,Abuja (FCT),800000000.0,diamond,1700.0,7.0,6.0,Unfurnished
8bdrm Duplex in Idu for sale,"Abuja (FCT), Idu Industrial",Idu Industrial,Abuja (FCT),300000000.0,diamond,900.0,8.0,10.0,Semi-Furnished
3bdrm Apartment in Ajah for sale,"Lagos State, Ajah",Ajah,Lagos State,85000000.0,enterprise,200.0,3.0,3.0,Semi-Furnished
4bdrm Duplex in Abraham Adesanya for sale,"Ajah, Abraham Adesanya Estate",Abraham Adesanya Estate,Ajah,170000000.0,enterprise,350.0,4.0,4.0,Unfurnished
"2bdrm Bungalow in Elanorris Gloverwood, Ologuneru for sale","Ibadan, Ologuneru",Ologuneru,Ibadan,50900000.0,enterprise,270.0,2.0,3.0,Semi-Furnished
2bdrm Duplex in General Paint for sale,"Ajah, Abraham Adesanya Estate",Abraham Adesanya Estate,Ajah,75000000.0,enterprise,200.0,2.0,2.0,Semi-Furnished
4bdrm Duplex in Sangotedo for sale,"Ajah, Sangotedo",Sangotedo,Ajah,135000000.0,enterprise,250.0,4.0,4.0,Semi-Furnished
"3bdrm Bungalow in Thomas Estate, Ajah for sale","Lagos State, Ajah",Ajah,Lagos State,75000000.0,enterprise,300.0,3.0,3.0,Semi-Furnished
4bdrm Duplex in Ikeja Gra for sale,"Ikeja, Ikeja GRA",Ikeja GRA,Ikeja,550000000.0,enterprise,500.0,4.0,4.0,Semi-Furnished
3bdrm House in Jahi for sale,"Abuja (FCT), Jahi",Jahi,Abuja (FCT),150000000.0,False,1000.0,3.0,4.0,Unfurnished
2bdrm Apartment in Ikate for sale,"Lekki, Ikate",Ikate,Lekki,140000000.0,enterprise,500.0,2.0,2.0,Unfurnished
3bdrm Duplex in Sangotedo for sale,"Ajah, Sangotedo",Sangotedo,Ajah,85000000.0,diamond,500.0,3.0,3.0,Unfurnished
"Furnished 3bdrm Duplex in Value Chain Estate, Dawaki for sale","Gwarinpa, Dawaki",Dawaki,Gwarinpa,130000000.0,diamond,500.0,3.0,4.0,Furnished
"Furnished 3bdrm Bungalow in Eputu, Awoyaya for sale","Ibeju, Awoyaya",Awoyaya,Ibeju,55000000.0,enterprise,300.0,3.0,3.0,Furnished
4bdrm Duplex in Lekki for sale,"Lagos State, Lekki",Lekki,Lagos State,350000000.0,enterprise,500.0,4.0,4.0,Unfurnished
"2bdrm House in 14 Memunat Shift, Ologolo for sale","Lekki, Ologolo",Ologolo,Lekki,120000000.0,diamond,10.0,2.0,2.0,Unfurnished
"Furnished 3bdrm Duplex in Adron City Park And, Alakia for sale","Ibadan, Alakia",Alakia,Ibadan,90000000.0,enterprise,270.0,3.0,4.0,Furnished
2bdrm Block of Flats in Gaduwa for sale,"Abuja (FCT), Gaduwa",Gaduwa,Abuja (FCT),120000000.0,vip_gold,1500.0,2.0,2.0,Semi-Furnished
4bdrm Duplex in Starwood Galadimawa for sale,"Abuja (FCT), Galadimawa",Galadimawa,Abuja (FCT),220000000.0,vip_gold,600.0,4.0,4.0,Unfurnished
4bdrm Duplex in Vgc Extention for sale,"Ajah, VGC / Ajah",VGC / Ajah,Ajah,250000000.0,enterprise,350.0,4.0,4.0,Unfurnished
3bdrm Block of Flats in Allen Avenue for sale,"Ikeja, Allen Avenue",Allen Avenue,Ikeja,1000000000.0,enterprise,1300.0,3.0,3.0,Unfurnished
"20bdrm House in Farayola Bodija, Ibadan for sale","Oyo State, Ibadan",Ibadan,Oyo State,38000000.0,diamond,700.0,20.0,8.0,Unfurnished
"2bdrm Block of Flats in None, Kubwa for sale","Abuja (FCT), Kubwa",Kubwa,Abuja (FCT),75000000.0,diamond,500.0,2.0,2.0,Semi-Furnished
4bdrm Duplex in Opebi for sale,"Ikeja, Opebi",Opebi,Ikeja,400000000.0,enterprise,500.0,4.0,4.0,Semi-Furnished
"3bdrm Block of Flats in Grace Land Estate., Akinyele for sale","Oyo State, Akinyele",Akinyele,Oyo State,17000000.0,False,550.0,3.0,3.0,Semi-Furnished
"Furnished 4bdrm Bungalow in Opeyemi Estate,, Lagelu for sale","Oyo State, Lagelu",Lagelu,Oyo State,58000000.0,False,500.0,4.0,4.0,Furnished
"18bdrm Bungalow in Mini Estate, Ado Ekiti for sale","Ekiti State, Ado Ekiti",Ado Ekiti,Ekiti State,400000000.0,enterprise,5000.0,18.0,20.0,Semi-Furnished
Furnished 4bdrm Duplex in Sangotedo for sale,"Ajah, Sangotedo",Sangotedo,Ajah,200000000.0,enterprise,350.0,4.0,4.0,Furnished
"Furnished 5bdrm Duplex in Lakeview Park Estate, Lafiaji for sale","Lekki, Lafiaji",Lafiaji,Lekki,450000000.0,enterprise,700.0,5.0,5.0,Furnished
"4bdrm Duplex in Elesakun,Oye Olorun, Ibeju for sale","Lagos State, Ibeju",Ibeju,Lagos State,140000000.0,enterprise,400.0,4.0,4.0,Semi-Furnished
"8bdrm Block of Flats in Not Estate, Idimu for sale","Egbe/Idimu, Idimu",Idimu,Egbe/Idimu,150000000.0,diamond,600.0,8.0,12.0,Semi-Furnished
"6bdrm Duplex in Diamond, Lugbe District for sale","Abuja (FCT), Lugbe District",Lugbe District,Abuja (FCT),140000000.0,diamond,500.0,6.0,7.0,Unfurnished
Furnished 5bdrm Duplex in Ikota for sale,"Lekki, Ikota",Ikota,Lekki,250000000.0,enterprise,400.0,5.0,5.0,Furnished
"Furnished 3bdrm Bungalow in Copa Cabana Estate, Lokogoma for sale","Abuja (FCT), Lokogoma",Lokogoma,Abuja (FCT),160000000.0,premium,517.0,3.0,4.0,Furnished
4bdrm Apartment in Chevron Drive for sale,"Lekki, Chevron",Chevron,Lekki,230000000.0,enterprise,200.0,4.0,5.0,Unfurnished
2bdrm Block of Flats in Kubwa for sale,"Abuja (FCT), Kubwa",Kubwa,Abuja (FCT),65000000.0,diamond,500.0,2.0,2.0,Semi-Furnished
"3bdrm Duplex in None, Life Camp for sale","Gwarinpa, Life Camp",Life Camp,Gwarinpa,125000000.0,diamond,500.0,3.0,3.0,Semi-Furnished
6bdrm Duplex in Kado for sale,"Abuja (FCT), Kado",Kado,Abuja (FCT),470000000.0,False,2000.0,6.0,7.0,Semi-Furnished
Furnished 2bdrm Block of Flats in Katampe for sale,"Abuja (FCT), Katampe",Katampe,Abuja (FCT),95000000.0,False,1000.0,2.0,2.0,Furnished
"4bdrm Duplex in Orchid Road, Lekki for sale","Lagos State, Lekki",Lekki,Lagos State,300000000.0,enterprise,250.0,4.0,4.0,Semi-Furnished
Furnished 2bdrm Apartment in Osapa london for sale,"Lekki, Osapa london",Osapa london,Lekki,150000000.0,enterprise,500.0,2.0,2.0,Furnished
"4bdrm Duplex in S&T Estate, Ido for sale","Oyo State, Ido",Ido,Oyo State,140000000.0,False,800.0,4.0,4.0,Semi-Furnished
6bdrm Duplex in Karsana for sale,"Gwagwa, Karsana",Karsana,Gwagwa,650000000.0,False,2000.0,6.0,6.0,Unfurnished
Furnished 3bdrm Mansion in Life Camp for sale,"Gwarinpa, Life Camp",Life Camp,Gwarinpa,150000000.0,vip_gold,600.0,3.0,4.0,Furnished
4bdrm Duplex in Lifecamp for sale,"Gwarinpa, Life Camp",Life Camp,Gwarinpa,150000000.0,False,2000.0,4.0,5.0,Semi-Furnished
"3bdrm Duplex in Ikota Gra Extension, Lekki for sale","Lagos State, Lekki",Lekki,Lagos State,140000000.0,enterprise,200.0,3.0,3.0,Semi-Furnished
2bdrm Apartment in Lekki Scheme2 for sale,"Lagos State, Ajah",Ajah,Lagos State,82000000.0,enterprise,100.0,2.0,2.0,Semi-Furnished
Furnished 3bdrm Bungalow in Ado-Odo/Ota for sale,"Ogun State, Ado-Odo/Ota",Ado-Odo/Ota,Ogun State,12000000.0,False,120.0,3.0,3.0,Furnished
4bdrm Duplex in Gbagada for sale,"Lagos State, Gbagada",Gbagada,Lagos State,280000000.0,enterprise,500.0,4.0,4.0,Semi-Furnished
"Furnished 2bdrm Block of Flats in Ajadi, Ologuneru for sale","Ibadan, Ologuneru",Ologuneru,Ibadan,80000000.0,False,600.0,2.0,2.0,Furnished
4bdrm Duplex in Life Camp for sale,"Gwarinpa, Life Camp",Life Camp,Gwarinpa,250000000.0,False,2000.0,4.0,5.0,Semi-Furnished
2bdrm Apartment in Abijo Gra for sale,"Ibeju, Abijo",Abijo,Ibeju,45000000.0,enterprise,100.0,2.0,2.0,Unfurnished
"4bdrm Duplex in Sangotedo, Lekki for sale","Lagos State, Lekki",Lekki,Lagos State,260000000.0,enterprise,300.0,4.0,5.0,Semi-Furnished
Furnished 1bdrm Apartment in Ikota for sale,"Lekki, Ikota",Ikota,Lekki,100000000.0,enterprise,150.0,1.0,1.0,Furnished
"5bdrm Duplex in Osapa London, Lekki for sale","Lagos State, Lekki",Lekki,Lagos State,600000000.0,enterprise,400.0,5.0,6.0,Semi-Furnished
"Furnished 2bdrm House in Phase 1, Ologolo for sale","Lekki, Ologolo",Ologolo,Lekki,80000000.0,diamond,11.0,2.0,2.0,Furnished
2bdrm Apartment in Lekki Phase 1 for sale,"Lekki, Lekki Phase 1",Lekki Phase 1,Lekki,330000000.0,enterprise,500.0,2.0,2.0,Unfurnished
Furnished 2bdrm Block of Flats in Katampe for sale,"Abuja (FCT), Katampe",Katampe,Abuja (FCT),180000000.0,False,1300.0,2.0,2.0,Furnished
"4bdrm Duplex in Beachwood Estate, Off Lekki-Epe Expressway for sale","Ajah, Off Lekki-Epe Expressway",Off Lekki-Epe Expressway,Ajah,120000000.0,enterprise,300.0,4.0,4.0,Unfurnished
4bdrm Duplex in Sangotedo for sale,"Ajah, Sangotedo",Sangotedo,Ajah,140000000.0,enterprise,250.0,4.0,4.0,Semi-Furnished
"5bdrm Duplex in Chevron Drive, Lekki for sale","Lagos State, Lekki",Lekki,Lagos State,500000000.0,enterprise,400.0,5.0,6.0,Semi-Furnished
"4bdrm Duplex in Sangotedo, Lekki for sale","Lagos State, Lekki",Lekki,Lagos State,160000000.0,enterprise,300.0,4.0,5.0,Semi-Furnished
"4bdrm Duplex in Orchid Road, Lekki for sale","Lagos State, Lekki",Lekki,Lagos State,240000000.0,enterprise,250.0,4.0,5.0,Semi-Furnished
5bdrm Duplex in Guzape Main for sale,"Abuja (FCT), Guzape District",Guzape District,Abuja (FCT),1600000000.0,diamond,1000.0,5.0,7.0,Unfurnished
6bdrm Duplex in Lekki Phase 1 for sale,"Lekki, Lekki Phase 1",Lekki Phase 1,Lekki,1400000000.0,enterprise,500.0,6.0,6.0,Unfurnished
"4bdrm Duplex in Ikota Gra Extension, Lekki for sale","Lagos State, Lekki",Lekki,Lagos State,155000000.0,enterprise,300.0,4.0,4.0,Semi-Furnished
Furnished 5bdrm Duplex in Sangotedo for sale,"Ajah, Sangotedo",Sangotedo,Ajah,255000000.0,enterprise,400.0,5.0,5.0,Furnished
"3bdrm Bungalow in Thomas Estate, Ajah for sale","Lagos State, Ajah",Ajah,Lagos State,70000000.0,enterprise,300.0,3.0,3.0,Semi-Furnished
4bdrm Duplex in Guzape Main for sale,"Abuja (FCT), Guzape District",Guzape District,Abuja (FCT),300000000.0,diamond,1000.0,4.0,5.0,Semi-Furnished
"2bdrm Block of Flats in Fo1, Kubwa for sale","Abuja (FCT), Kubwa",Kubwa,Abuja (FCT),60000000.0,diamond,500.0,2.0,2.0,Unfurnished
"4bdrm Duplex in Abijo, Ajah for sale","Lagos State, Ajah",Ajah,Lagos State,90000000.0,diamond,500.0,4.0,4.0,Unfurnished
5bdrm Duplex in Katampe (Main) for sale,"Katampe, Katampe (Main)",Katampe (Main),Katampe,350000000.0,diamond,500.0,5.0,5.0,Semi-Furnished
4bdrm Duplex in Gbagada for sale,"Lagos State, Gbagada",Gbagada,Lagos State,340000000.0,enterprise,500.0,4.0,4.0,Semi-Furnished
"3bdrm Bungalow in Hill View Estate, Life Camp for sale","Gwarinpa, Life Camp",Life Camp,Gwarinpa,190000000.0,diamond,500.0,3.0,3.0,Unfurnished
"Furnished 4bdrm Duplex in Beachwood Estate, Bogije for sale","Ibeju, Bogije",Bogije,Ibeju,170000000.0,enterprise,460.0,4.0,4.0,Furnished
Furnished 3bdrm Apartment in Megamond Estate for sale,"Lekki, Ikota",Ikota,Lekki,150000000.0,enterprise,200.0,3.0,3.0,Furnished
4bdrm Duplex in Ikota for sale,"Lekki, Ikota",Ikota,Lekki,165000000.0,enterprise,300.0,4.0,4.0,Semi-Furnished
4bdrm Duplex in Sangotedo for sale,"Ajah, Sangotedo",Sangotedo,Ajah,200000000.0,enterprise,350.0,4.0,4.0,Unfurnished
5bdrm Duplex in Kajola for sale,"Oyo State, Kajola",Kajola,Oyo State,110000000.0,enterprise,700.0,5.0,5.0,Semi-Furnished
"4bdrm Duplex in Amen Estate Phase 1, Lekki for sale","Lagos State, Lekki",Lekki,Lagos State,230000000.0,enterprise,600.0,4.0,5.0,Semi-Furnished
"3bdrm Apartment in Abijo, Lekki for sale","Lagos State, Lekki",Lekki,Lagos State,55000000.0,enterprise,150.0,3.0,3.0,Semi-Furnished
5bdrm Duplex in Chevron for sale,"Lekki, Chevron",Chevron,Lekki,400000000.0,enterprise,500.0,5.0,5.0,Semi-Furnished
2bdrm Apartment in Ikota for sale,"Lekki, Ikota",Ikota,Lekki,70000000.0,enterprise,500.0,2.0,2.0,Semi-Furnished
4bdrm Duplex in Katampe for sale,"Abuja (FCT), Katampe",Katampe,Abuja (FCT),350000000.0,False,1200.0,4.0,5.0,Semi-Furnished
"5bdrm Duplex in Fountain Springs, Sangotedo for sale","Ajah, Sangotedo",Sangotedo,Ajah,300000000.0,enterprise,400.0,5.0,5.0,Semi-Furnished
"5bdrm Duplex in With 2 Bqs Monarch, Lugbe District for sale","Abuja (FCT), Lugbe District",Lugbe District,Abuja (FCT),255000000.0,diamond,600.0,5.0,5.0,Unfurnished
4bdrm Duplex in Lugbe District for sale,"Abuja (FCT), Lugbe District",Lugbe District,Abuja (FCT),130000000.0,diamond,250.0,4.0,4.0,Unfurnished
5bdrm Duplex in Lekki Phase 1 for sale,"Lekki, Lekki Phase 1",Lekki Phase 1,Lekki,1200000000.0,enterprise,500.0,5.0,5.0,Unfurnished
"2bdrm Apartment in Agungi, Lekki for sale","Lagos State, Lekki",Lekki,Lagos State,120000000.0,enterprise,100.0,2.0,2.0,Semi-Furnished
"3bdrm Block of Flats in Non, Kubwa for sale","Abuja (FCT), Kubwa",Kubwa,Abuja (FCT),85000000.0,diamond,500.0,3.0,3.0,Semi-Furnished
5bdrm Duplex in Life Camp for sale,"Gwarinpa, Life Camp",Life Camp,Gwarinpa,180000000.0,False,1000.0,5.0,7.0,Unfurnished
"7bdrm Duplex in Efab Metropolis, Karsana for sale","Gwagwa, Karsana",Karsana,Gwagwa,550000000.0,enterprise,850.0,7.0,8.0,Semi-Furnished
4bdrm Duplex in Ikota Gra for sale,"Lekki, Ikota",Ikota,Lekki,300000000.0,enterprise,450.0,4.0,4.0,Semi-Furnished
5bdrm Duplex in Jahi for sale,"Abuja (FCT), Jahi",Jahi,Abuja (FCT),600000000.0,diamond,500.0,5.0,5.0,Semi-Furnished
"4bdrm Duplex in Beechwood Estate, Ibeju for sale","Lagos State, Ibeju",Ibeju,Lagos State,280000000.0,premium,500.0,4.0,4.0,Semi-Furnished
2bdrm Apartment in Ajah for sale,"Lagos State, Ajah",Ajah,Lagos State,73000000.0,enterprise,200.0,2.0,2.0,Semi-Furnished
1bdrm Penthouse in Ikate for sale,"Lekki, Ikate",Ikate,Lekki,150000000.0,enterprise,500.0,1.0,1.0,Unfurnished
"3bdrm Bungalow in Light, Sabon Lugbe for sale","Lugbe District, Sabon Lugbe",Sabon Lugbe,Lugbe District,55000000.0,diamond,600.0,3.0,4.0,Unfurnished
"4bdrm Duplex in Green Hill, Oko-Oba for sale","Agege, Oko-Oba",Oko-Oba,Agege,220000000.0,diamond,250.0,4.0,4.0,Semi-Furnished
"3bdrm Block of Flats in Golin Estate, Kaura for sale","Abuja (FCT), Kaura",Kaura,Abuja (FCT),120000000.0,False,350.0,3.0,3.0,Unfurnished
"Furnished 7bdrm Duplex in Amazing Grace Estate, New Oko Oba for sale","Agege, New Oko Oba",New Oko Oba,Agege,328000000.0,enterprise,450.0,7.0,10.0,Furnished
5bdrm Mansion in Lekki County Home for sale,"Lagos State, Lekki",Lekki,Lagos State,550000000.0,enterprise,400.0,5.0,5.0,Semi-Furnished
Furnished 8bdrm Duplex in Enugu for sale,"Enugu State, Enugu",Enugu,Enugu State,88000000.0,enterprise,460.0,8.0,5.0,Furnished
3bdrm Bungalow in Dawaki for sale,"Gwarinpa, Dawaki",Dawaki,Gwarinpa,100000000.0,diamond,600.0,3.0,3.0,Semi-Furnished
3bdrm Bungalow in Lekki Phase 2 for sale,"Lekki, Lekki Phase 2",Lekki Phase 2,Lekki,100000000.0,diamond,595.0,3.0,5.0,Unfurnished
2bdrm Apartment in Lekki for sale,"Lagos State, Lekki",Lekki,Lagos State,300000000.0,enterprise,150.0,2.0,2.0,Semi-Furnished
"3bdrm Duplex in Oribanwa, Lekki for sale","Lagos State, Lekki",Lekki,Lagos State,80000000.0,enterprise,300.0,3.0,3.0,Semi-Furnished
4bdrm Duplex in Ibeju for sale,"Lagos State, Ibeju",Ibeju,Lagos State,75000000.0,premium,500.0,4.0,4.0,Semi-Furnished
3bdrm Block of Flats in Katampe for sale,"Abuja (FCT), Katampe",Katampe,Abuja (FCT),145000000.0,diamond,700.0,3.0,3.0,Unfurnished
"3bdrm Bungalow in Peak Park Estate, Awoyaya for sale","Ibeju, Awoyaya",Awoyaya,Ibeju,50000000.0,enterprise,250.0,3.0,3.0,Unfurnished
"Furnished 4bdrm Duplex in Heritage Estate, Sangotedo for sale","Ajah, Sangotedo",Sangotedo,Ajah,250000000.0,enterprise,350.0,4.0,4.0,Furnished
4bdrm Duplex in Guzape Main for sale,"Abuja (FCT), Guzape District",Guzape District,Abuja (FCT),250000000.0,diamond,1000.0,4.0,5.0,Unfurnished
Furnished 4bdrm Bungalow in Lokogoma for sale,"Abuja (FCT), Lokogoma",Lokogoma,Abuja (FCT),210000000.0,vip_gold,1000.0,4.0,5.0,Furnished
3bdrm Bungalow in Oluyole Extension for sale,"Oyo State, Oluyole",Oluyole,Oyo State,80000000.0,False,850.0,3.0,3.0,Semi-Furnished
"3bdrm Bungalow in Adron Treasure Phase, Shimawa for sale","Sagamu, Shimawa",Shimawa,Sagamu,27500000.0,enterprise,600.0,3.0,4.0,Unfurnished
"Furnished 2bdrm Bungalow in Manhattan Park And, Nyanya for sale","Abuja (FCT), Nyanya",Nyanya,Abuja (FCT),46200000.0,enterprise,500.0,2.0,3.0,Furnished
2bdrm Penthouse in Awolowo Road for sale,"Ikoyi, Awolowo Road",Awolowo Road,Ikoyi,450000000.0,diamond,150.0,2.0,2.0,Unfurnished
Furnished 4bdrm Mansion in Durumi for sale,"Abuja (FCT), Durumi",Durumi,Abuja (FCT),250000000.0,vip_gold,1000.0,4.0,5.0,Furnished
"3bdrm Bungalow in Ologuneru, Ido for sale","Oyo State, Ido",Ido,Oyo State,20000000.0,False,500.0,3.0,3.0,Semi-Furnished
"3bdrm Block of Flats in Goodluck Jonathan, Isheri / Egbe Idimu for sale","Egbe/Idimu, Isheri / Egbe Idimu",Isheri / Egbe Idimu,Egbe/Idimu,45000000.0,False,320.0,3.0,3.0,Unfurnished
Furnished 4bdrm Duplex in Badore for sale,"Ibeju, Badore",Badore,Ibeju,180000000.0,enterprise,650.0,4.0,4.0,Furnished
4bdrm Duplex in Lekki for sale,"Lagos State, Lekki",Lekki,Lagos State,800000000.0,enterprise,300.0,4.0,5.0,Semi-Furnished
4bdrm Duplex in Sangotedo for sale,"Ajah, Sangotedo",Sangotedo,Ajah,98000000.0,enterprise,300.0,4.0,4.0,Semi-Furnished
"3bdrm Block of Flats in Adewale Kolawole, Lekki Phase 1 for sale","Lekki, Lekki Phase 1",Lekki Phase 1,Lekki,950000000.0,diamond,1200.0,3.0,3.0,Unfurnished
"Furnished 2bdrm Bungalow in Resort And Estate, Pakuro for sale","Ogun State, Pakuro",Pakuro,Ogun State,63000000.0,enterprise,250.0,2.0,3.0,Furnished
4bdrm Duplex in Abraham Adesanya for sale,"Ajah, Abraham Adesanya Estate",Abraham Adesanya Estate,Ajah,180000000.0,enterprise,250.0,4.0,4.0,Unfurnished
"2bdrm Apartment in Ajah, Lekki for sale","Lagos State, Lekki",Lekki,Lagos State,75000000.0,enterprise,120.0,2.0,2.0,Semi-Furnished
"4bdrm Duplex in Ajah, Lekki for sale","Lagos State, Lekki",Lekki,Lagos State,150000000.0,enterprise,250.0,4.0,5.0,Semi-Furnished
"5bdrm House in In Estate, Allen Avenue for sale","Ikeja, Allen Avenue",Allen Avenue,Ikeja,400000000.0,diamond,490.0,5.0,5.0,Semi-Furnished
"Furnished 5bdrm Duplex in Not Estate, Abule Egba for sale","Lagos State, Abule Egba",Abule Egba,Lagos State,170000000.0,diamond,606.0,5.0,5.0,Furnished
"2bdrm Apartment in Ikate, Lekki for sale","Lagos State, Lekki",Lekki,Lagos State,180000000.0,enterprise,150.0,2.0,2.0,Semi-Furnished
10bdrm House in Ibeju for sale,"Lagos State, Ibeju",Ibeju,Lagos State,80000000.0,premium,500.0,10.0,10.0,Semi-Furnished
"3bdrm Apartment in Lekki Lagos, Ajah for sale","Lagos State, Ajah",Ajah,Lagos State,90000000.0,diamond,500.0,3.0,3.0,Unfurnished
Furnished 4bdrm Mansion in Guzape District for sale,"Abuja (FCT), Guzape District",Guzape District,Abuja (FCT),380000000.0,vip_gold,1346.0,4.0,5.0,Furnished
"4bdrm Duplex in Sangotedo, Lekki for sale","Lagos State, Lekki",Lekki,Lagos State,160000000.0,enterprise,250.0,4.0,5.0,Semi-Furnished
"Furnished 1bdrm House in Richland, Igando-Oloja for sale","Ibeju, Igando-Oloja",Igando-Oloja,Ibeju,8000000.0,premium,500.0,1.0,1.0,Furnished
"Furnished 5bdrm Duplex in In Estate, Omole Phase 1 for sale","Ikeja, Omole Phase 1",Omole Phase 1,Ikeja,500000000.0,diamond,450.0,5.0,5.0,Furnished
"Furnished 3bdrm Bungalow in Adron City Of David., Pakuro for sale","Ogun State, Pakuro",Pakuro,Ogun State,65000000.0,enterprise,324.0,3.0,4.0,Furnished
"5bdrm Duplex in Banana Island, Ikoyi for sale","Lagos State, Ikoyi",Ikoyi,Lagos State,2500000000.0,enterprise,500.0,5.0,6.0,Semi-Furnished
"5bdrm Mansion in Osapa London, Lekki for sale","Lagos State, Lekki",Lekki,Lagos State,1550000000.0,enterprise,400.0,5.0,7.0,Semi-Furnished
"4bdrm Duplex in Jericite Iad Estate, Central Business District for sale","Abuja (FCT), Central Business District",Central Business District,Abuja (FCT),120000000.0,False,600.0,4.0,4.0,Unfurnished
"Furnished 5bdrm Duplex in Midas Villas, Maitama for sale","Abuja (FCT), Maitama",Maitama,Abuja (FCT),550000000.0,enterprise,500.0,5.0,6.0,Furnished
"4bdrm Duplex in Orchid, Lekki for sale","Lagos State, Lekki",Lekki,Lagos State,200000000.0,enterprise,150.0,4.0,5.0,Semi-Furnished
Furnished 4bdrm Mansion in Maitama for sale,"Abuja (FCT), Maitama",Maitama,Abuja (FCT),350000000.0,vip_gold,1000.0,4.0,5.0,Furnished
6bdrm Bungalow in Ologuneru for sale,"Ibadan, Ologuneru",Ologuneru,Ibadan,60000000.0,enterprise,605.0,6.0,9.0,Unfurnished
"2bdrm Apartment in B.O Benson Housing, Ikorodu for sale","Lagos State, Ikorodu",Ikorodu,Lagos State,30000000.0,basic,150.0,2.0,2.0,Unfurnished
"4bdrm Apartment in Park Gardens Town, Ikorodu for sale","Lagos State, Ikorodu",Ikorodu,Lagos State,150000000.0,basic,700.0,4.0,4.0,Unfurnished
5bdrm Apartment in Iseyin for sale,"Oyo State, Iseyin",Iseyin,Oyo State,7000000.0,premium,460.0,5.0,5.0,Unfurnished
"3bdrm Bungalow in Happy Home Estate, Ayobo for sale","Ipaja, Ayobo",Ayobo,Ipaja,22000000.0,premium,600.0,3.0,3.0,Unfurnished
4bdrm Duplex in Guzape Main for sale,"Abuja (FCT), Guzape District",Guzape District,Abuja (FCT),350000000.0,diamond,100.0,4.0,5.0,Unfurnished
Furnished 7bdrm Mansion in Jabi for sale,"Abuja (FCT), Jabi",Jabi,Abuja (FCT),2500000000.0,vip_gold,1500.0,7.0,9.0,Furnished
"1bdrm Bungalow in Treasure Line, Ijede / Ikorodu for sale","Ikorodu, Ijede / Ikorodu",Ijede / Ikorodu,Ikorodu,25000000.0,basic,500.0,1.0,2.0,Unfurnished
"12bdrm Mansion in Alogba Estate And, Ibeshe / Ikorodu for sale","Ikorodu, Ibeshe / Ikorodu",Ibeshe / Ikorodu,Ikorodu,180000000.0,basic,900.0,12.0,15.0,Unfurnished
Furnished 4bdrm Mansion in Guzape for sale,"Abuja (FCT), Guzape District",Guzape District,Abuja (FCT),3000000000.0,diamond,1863.0,4.0,6.0,Furnished
3bdrm Apartment in Jahi for sale,"Abuja (FCT), Jahi",Jahi,Abuja (FCT),180000000.0,premium,300.0,3.0,4.0,Semi-Furnished
"16bdrm Duplex in Adron City Of David, Shimawa for sale","Sagamu, Shimawa",Shimawa,Sagamu,220000000.0,enterprise,1296.0,16.0,20.0,Unfurnished
"Furnished 4bdrm Duplex in Radio Estates, Port-Harcourt for sale","Rivers State, Port-Harcourt",Port-Harcourt,Rivers State,270000000.0,False,999.0,4.0,4.0,Furnished
5bdrm Duplex in Ibeju for sale,"Lagos State, Ibeju",Ibeju,Lagos State,120000000.0,premium,500.0,5.0,5.0,Semi-Furnished
"2bdrm Duplex in Tinumola Estate, Gwarinpa for sale","Abuja (FCT), Gwarinpa",Gwarinpa,Abuja (FCT),270000000.0,False,1096.0,2.0,3.0,Unfurnished
12bdrm Block of Flats in Ajah for sale,"Lagos State, Ajah",Ajah,Lagos State,65000000.0,premium,500.0,12.0,12.0,Semi-Furnished
"2bdrm Apartment in River Park Estate, Lugbe District for sale","Abuja (FCT), Lugbe District",Lugbe District,Abuja (FCT),100000000.0,vip_gold,1200.0,2.0,3.0,Semi-Furnished
4bdrm Duplex in Wuse Zone 6 for sale,"Wuse, Zone 6 / Wuse",Zone 6 / Wuse,Wuse,480000000.0,False,500.0,4.0,4.0,Semi-Furnished
Furnished 5bdrm Mansion in Katampe Extension for sale,"Katampe, Katampe Extension",Katampe Extension,Katampe,1500000000.0,vip_gold,1000.0,5.0,6.0,Furnished
"2bdrm Block of Flats in Federal Housing, Zuba for sale","Abuja (FCT), Zuba",Zuba,Abuja (FCT),19000000.0,basic,40.0,2.0,3.0,Unfurnished
8bdrm House in Eleko for sale,"Ibeju, Eleko",Eleko,Ibeju,1300000.0,premium,550.0,8.0,8.0,Semi-Furnished
"Furnished 3bdrm Bungalow in Achievers Estate, Ido for sale","Oyo State, Ido",Ido,Oyo State,60000000.0,False,500.0,3.0,3.0,Furnished
"3bdrm Bungalow in Peak Park Estate, Awoyaya for sale","Ibeju, Awoyaya",Awoyaya,Ibeju,55000000.0,False,300.0,3.0,3.0,Semi-Furnished
1bdrm Apartment in Lekki Phase 1 for sale,"Lekki, Lekki Phase 1",Lekki Phase 1,Lekki,150000000.0,vip_gold,234.0,1.0,1.0,Unfurnished
3bdrm Apartment in Jahi for sale,"Abuja (FCT), Jahi",Jahi,Abuja (FCT),140000000.0,premium,300.0,3.0,3.0,Semi-Furnished
Furnished 5bdrm Mansion in Guzape District for sale,"Abuja (FCT), Guzape District",Guzape District,Abuja (FCT),900000000.0,vip_gold,1200.0,5.0,6.0,Furnished
"5bdrm House in Isheri North Gra ,, Kosofe for sale","Lagos State, Kosofe",Kosofe,Lagos State,260000000.0,False,380.0,5.0,6.0,Unfurnished
"4bdrm Bungalow in Harmony-Gold, Ido for sale","Oyo State, Ido",Ido,Oyo State,35000000.0,False,500.0,4.0,4.0,Semi-Furnished
5bdrm Duplex in Abraham Adesanya Estate for sale,"Ajah, Abraham Adesanya Estate",Abraham Adesanya Estate,Ajah,180000000.0,False,464.0,5.0,7.0,Semi-Furnished
12bdrm Apartment in Lekki Phase 1 for sale,"Lekki, Lekki Phase 1",Lekki Phase 1,Lekki,250000000.0,False,1000.0,12.0,4.0,Unfurnished
4bdrm House in Ikota for sale,"Lekki, Ikota",Ikota,Lekki,130000000.0,diamond,350.0,4.0,4.0,Unfurnished
Furnished 4bdrm Bungalow in Ilorin South for sale,"Kwara State, Ilorin South",Ilorin South,Kwara State,15000000.0,False,613.0,4.0,4.0,Furnished
3bdrm Bungalow in Command Ipaja for sale,"Lagos State, Ipaja",Ipaja,Lagos State,90000000.0,enterprise,380.0,3.0,3.0,Unfurnished
3bdrm Block of Flats in Benin City for sale,"Edo State, Benin City",Benin City,Edo State,50000000.0,False,464.0,3.0,2.0,Semi-Furnished
"3bdrm Bungalow in Adeyemo Street, Ido for sale","Oyo State, Ido",Ido,Oyo State,17000000.0,False,550.0,3.0,3.0,Unfurnished
3bdrm Bungalow in Lokogoma for sale,"Abuja (FCT), Lokogoma",Lokogoma,Abuja (FCT),115000000.0,False,600.0,3.0,3.0,Semi-Furnished
2bdrm Apartment in Benin City for sale,"Edo State, Benin City",Benin City,Edo State,35000000.0,False,900.0,2.0,2.0,Unfurnished
3bdrm Apartment in Mabushi for sale,"Abuja (FCT), Mabushi",Mabushi,Abuja (FCT),168000000.0,enterprise,200.0,3.0,4.0,Unfurnished
"Furnished 3bdrm Duplex in River Park Estate, Lugbe District for sale","Abuja (FCT), Lugbe District",Lugbe District,Abuja (FCT),370000000.0,enterprise,450.0,3.0,4.0,Furnished
4bdrm Duplex in Life Camp Main for sale,"Gwarinpa, Life Camp",Life Camp,Gwarinpa,1600000000.0,enterprise,450.0,4.0,5.0,Unfurnished
"3bdrm Apartment in River Park Estate, Lugbe District for sale","Abuja (FCT), Lugbe District",Lugbe District,Abuja (FCT),450000000.0,enterprise,1200.0,3.0,4.0,Unfurnished
5bdrm Duplex in Along Voice Of for sale,"Abuja (FCT), Lugbe District",Lugbe District,Abuja (FCT),250000000.0,enterprise,500.0,5.0,6.0,Unfurnished
1bdrm Apartment in Lokogoma Express for sale,"Abuja (FCT), Lokogoma",Lokogoma,Abuja (FCT),85000000.0,enterprise,800.0,1.0,2.0,Unfurnished
4bdrm Duplex in Sabon Lugbe for sale,"Abuja (FCT), Lugbe District",Lugbe District,Abuja (FCT),160000000.0,enterprise,400.0,4.0,5.0,Unfurnished
"4bdrm Bungalow in Nana Estate, Lugbe District for sale","Abuja (FCT), Lugbe District",Lugbe District,Abuja (FCT),350000000.0,enterprise,400.0,4.0,5.0,Unfurnished
"3bdrm Bungalow in Forte Royal Estate, Lugbe District for sale","Abuja (FCT), Lugbe District",Lugbe District,Abuja (FCT),160000000.0,enterprise,500.0,3.0,4.0,Unfurnished
"5bdrm Duplex in River Park Estate, Lugbe District for sale","Abuja (FCT), Lugbe District",Lugbe District,Abuja (FCT),600000000.0,enterprise,850.0,5.0,6.0,Unfurnished
5bdrm Duplex in Apo Resettlement for sale,"Apo District, Apo Resettlement",Apo Resettlement,Apo District,500000000.0,enterprise,1000.0,5.0,6.0,Semi-Furnished
"Furnished 7bdrm Duplex in Mab Global Estate, for sale","Abuja (FCT), Gwarinpa",Gwarinpa,Abuja (FCT),500000000.0,enterprise,750.0,7.0,5.0,Furnished
6bdrm Mansion in Guzape for sale,"Abuja (FCT), Guzape District",Guzape District,Abuja (FCT),3000000000.0,enterprise,2000.0,6.0,5.0,Semi-Furnished
"Furnished 5bdrm Duplex in Efab Metropolis, Gwarinpa for sale","Abuja (FCT), Gwarinpa",Gwarinpa,Abuja (FCT),350000000.0,enterprise,750.0,5.0,5.0,Furnished
5bdrm Duplex in Jahi By Gilmore for sale,"Abuja (FCT), Jahi",Jahi,Abuja (FCT),420000000.0,enterprise,1800.0,5.0,6.0,Semi-Furnished
5bdrm Duplex in Gwarinpa Main Abuja for sale,"Abuja (FCT), Gwarinpa",Gwarinpa,Abuja (FCT),650000000.0,enterprise,1500.0,5.0,6.0,Semi-Furnished
7bdrm Duplex in Katampe Extension for sale,"Katampe, Katampe Extension",Katampe Extension,Katampe,3000000000.0,enterprise,3000.0,7.0,5.0,Semi-Furnished
"4bdrm Duplex in Gwarimpa Abuja, Gwarinpa for sale","Abuja (FCT), Gwarinpa",Gwarinpa,Abuja (FCT),220000000.0,enterprise,2000.0,4.0,5.0,Semi-Furnished
Furnished 3bdrm Bungalow in Citec Mbora for sale,"Abuja (FCT), Mbora",Mbora,Abuja (FCT),240000000.0,enterprise,700.0,3.0,4.0,Furnished
"8bdrm Mansion in River Park Estate, Lugbe District for sale","Abuja (FCT), Lugbe District",Lugbe District,Abuja (FCT),455000000.0,enterprise,1308.0,8.0,9.0,Unfurnished
4bdrm Duplex in Thomas Estate for sale,"Ajah, Thomas Estate",Thomas Estate,Ajah,165000000.0,diamond,300.0,4.0,4.0,Unfurnished
4bdrm Duplex in Abraham Adesanya Estate for sale,"Ajah, Abraham Adesanya Estate",Abraham Adesanya Estate,Ajah,90000000.0,diamond,250.0,4.0,4.0,Unfurnished
5bdrm Duplex in Ado / Ajah for sale,"Ajah, Ado / Ajah",Ado / Ajah,Ajah,280000000.0,diamond,300.0,5.0,5.0,Unfurnished
4bdrm Duplex in Ikota Villa for sale,"Lekki, Ikota",Ikota,Lekki,200000000.0,diamond,300.0,4.0,4.0,Unfurnished
4bdrm Duplex in Ikota Villa for sale,"Lekki, Ikota",Ikota,Lekki,140000000.0,diamond,300.0,4.0,4.0,Unfurnished
4bdrm Duplex in Igbo-efon for sale,"Lekki, Igbo-efon",Igbo-efon,Lekki,350000000.0,diamond,150.0,4.0,4.0,Unfurnished
4bdrm Duplex in Ikota for sale,"Lekki, Ikota",Ikota,Lekki,140000000.0,diamond,200.0,4.0,4.0,Unfurnished
4bdrm Duplex in Olokonla for sale,"Ajah, Olokonla",Olokonla,Ajah,135000000.0,diamond,150.0,4.0,4.0,Unfurnished
4bdrm Duplex in Abraham Adesanya Estate for sale,"Ajah, Abraham Adesanya Estate",Abraham Adesanya Estate,Ajah,130000000.0,diamond,250.0,4.0,4.0,Unfurnished
Furnished 5bdrm Duplex in Chevron for sale,"Lekki, Chevron",Chevron,Lekki,650000000.0,diamond,350.0,5.0,5.0,Furnished
4bdrm Duplex in Igbo-efon for sale,"Lekki, Igbo-efon",Igbo-efon,Lekki,200000000.0,diamond,150.0,4.0,4.0,Unfurnished
5bdrm Duplex in Ikota for sale,"Lekki, Ikota",Ikota,Lekki,460000000.0,diamond,250.0,5.0,5.0,Unfurnished
"3bdrm Duplex in Sunshine Estate, Sangotedo for sale","Ajah, Sangotedo",Sangotedo,Ajah,85000000.0,diamond,150.0,3.0,3.0,Unfurnished
5bdrm Duplex in Ikota for sale,"Lekki, Ikota",Ikota,Lekki,280000000.0,diamond,250.0,5.0,5.0,Unfurnished
5bdrm Duplex in Ikate for sale,"Lekki, Ikate",Ikate,Lekki,670000000.0,diamond,400.0,5.0,5.0,Unfurnished
Furnished 3bdrm Apartment in Osborne Foreshore Estate for sale,"Ikoyi, Osborne Foreshore Estate",Osborne Foreshore Estate,Ikoyi,400000000.0,diamond,150.0,3.0,3.0,Furnished
5bdrm Duplex in Ikota for sale,"Lekki, Ikota",Ikota,Lekki,400000000.0,diamond,250.0,5.0,5.0,Unfurnished
3bdrm Apartment in Banana Island for sale,"Ikoyi, Banana Island",Banana Island,Ikoyi,850000000.0,diamond,150.0,3.0,3.0,Unfurnished
5bdrm Duplex in Sangotedo for sale,"Ajah, Sangotedo",Sangotedo,Ajah,200000000.0,diamond,300.0,5.0,5.0,Unfurnished
2bdrm Block of Flats in Ilasan for sale,"Lekki, Ilasan",Ilasan,Lekki,220000000.0,diamond,150.0,2.0,2.0,Unfurnished
5bdrm Duplex in Abraham Adesanya Estate for sale,"Ajah, Abraham Adesanya Estate",Abraham Adesanya Estate,Ajah,160000000.0,diamond,150.0,5.0,5.0,Unfurnished
3bdrm Apartment in Lekki Phase 1 for sale,"Lekki, Lekki Phase 1",Lekki Phase 1,Lekki,250000000.0,diamond,150.0,3.0,3.0,Unfurnished
3bdrm Duplex in Abraham Adesanya Estate for sale,"Ajah, Abraham Adesanya Estate",Abraham Adesanya Estate,Ajah,95000000.0,diamond,150.0,3.0,3.0,Unfurnished
"Furnished 5bdrm Duplex in Citiscape Estate, Guzape District for sale","Abuja (FCT), Guzape District",Guzape District,Abuja (FCT),950000000.0,enterprise,800.0,5.0,5.0,Furnished
7bdrm Duplex in Efab Metropolis for sale,"Abuja (FCT), Gwarinpa",Gwarinpa,Abuja (FCT),500000000.0,enterprise,1050.0,7.0,5.0,Semi-Furnished
Furnished 4bdrm Duplex in Katampe Extension for sale,"Katampe, Katampe Extension",Katampe Extension,Katampe,850000000.0,enterprise,2000.0,4.0,5.0,Furnished
6bdrm Duplex in Asokoro Diplomatic for sale,"Abuja (FCT), Asokoro",Asokoro,Abuja (FCT),1170000000.0,enterprise,800.0,6.0,7.0,Semi-Furnished
Furnished 9bdrm Duplex in Asokoro Abuja for sale,"Abuja (FCT), Asokoro",Asokoro,Abuja (FCT),2000000000.0,enterprise,,9.0,5.0,Furnished
"3bdrm Duplex in Harmony Estate By, Port-Harcourt for sale","Rivers State, Port-Harcourt",Port-Harcourt,Rivers State,70000000.0,enterprise,465.0,3.0,3.0,Semi-Furnished
4bdrm Duplex in Gra Port Harcourt for sale,"Rivers State, Port-Harcourt",Port-Harcourt,Rivers State,270000000.0,enterprise,362.0,4.0,4.0,Semi-Furnished
"4bdrm Duplex in Mercyland Extension, Port-Harcourt for sale","Rivers State, Port-Harcourt",Port-Harcourt,Rivers State,120000000.0,enterprise,465.0,4.0,4.0,Semi-Furnished
"4bdrm Bungalow in Emitary Egbelu Off, Port-Harcourt for sale","Rivers State, Port-Harcourt",Port-Harcourt,Rivers State,65000000.0,enterprise,465.0,4.0,4.0,Semi-Furnished
"2bdrm Duplex in Iwofe Rd Off Ada, Port-Harcourt for sale","Rivers State, Port-Harcourt",Port-Harcourt,Rivers State,160000000.0,enterprise,560.0,2.0,2.0,Semi-Furnished
"Furnished 4bdrm Duplex in Sunrise Estate, Port-Harcourt for sale","Rivers State, Port-Harcourt",Port-Harcourt,Rivers State,180000000.0,enterprise,650.0,4.0,4.0,Furnished
"3bdrm Block of Flats in Agip Estate, Port-Harcourt for sale","Rivers State, Port-Harcourt",Port-Harcourt,Rivers State,160000000.0,enterprise,498.0,3.0,3.0,Semi-Furnished
"Furnished 4bdrm Duplex in Gra, Port-Harcourt for sale","Rivers State, Port-Harcourt",Port-Harcourt,Rivers State,400000000.0,enterprise,750.0,4.0,4.0,Furnished
"Furnished 5bdrm Duplex in Eliozu Estate, Port-Harcourt for sale","Rivers State, Port-Harcourt",Port-Harcourt,Rivers State,250000000.0,enterprise,460.0,5.0,5.0,Furnished
"2bdrm Block of Flats in St. John Iwofe Rd, Port-Harcourt for sale","Rivers State, Port-Harcourt",Port-Harcourt,Rivers State,25000000.0,enterprise,450.0,2.0,2.0,Semi-Furnished
"5bdrm Duplex in Woji, Port-Harcourt for sale","Rivers State, Port-Harcourt",Port-Harcourt,Rivers State,270000000.0,enterprise,469.0,5.0,5.0,Semi-Furnished
"4bdrm Duplex in In An Estate, Around, Lugbe District for sale","Abuja (FCT), Lugbe District",Lugbe District,Abuja (FCT),155000000.0,enterprise,500.0,4.0,5.0,Unfurnished
8bdrm Mansion in Asokoro Main for sale,"Abuja (FCT), Asokoro",Asokoro,Abuja (FCT),4700000000.0,enterprise,1500.0,8.0,9.0,Semi-Furnished
4bdrm Duplex in Asokoro Abuja for sale,"Abuja (FCT), Asokoro",Asokoro,Abuja (FCT),450000000.0,enterprise,2000.0,4.0,5.0,Semi-Furnished
5bdrm Duplex in Guzape/Asokoro Abuja for sale,"Abuja (FCT), Guzape District",Guzape District,Abuja (FCT),1500000000.0,enterprise,800.0,5.0,6.0,Semi-Furnished
5bdrm Duplex in Apo Resettlement for sale,"Apo District, Apo Resettlement",Apo Resettlement,Apo District,500000000.0,enterprise,700.0,5.0,7.0,Semi-Furnished
6bdrm Mansion in Maitama Main By for sale,"Abuja (FCT), Maitama",Maitama,Abuja (FCT),3500000000.0,enterprise,1500.0,6.0,7.0,Semi-Furnished
4bdrm Duplex in Reef Court Estate for sale,"Rivers State, Port-Harcourt",Port-Harcourt,Rivers State,400000000.0,enterprise,530.0,4.0,5.0,Semi-Furnished
"3bdrm Bungalow in Nta Rd Off Mgbuoba, Port-Harcourt for sale","Rivers State, Port-Harcourt",Port-Harcourt,Rivers State,100000000.0,enterprise,325.0,3.0,3.0,Semi-Furnished
"2bdrm Block of Flats in Wohuruchi Estste Off, Port-Harcourt for sale","Rivers State, Port-Harcourt",Port-Harcourt,Rivers State,450000000.0,enterprise,1395.0,2.0,2.0,Semi-Furnished
"4bdrm Duplex in Stadium Rd Ph, Port-Harcourt for sale","Rivers State, Port-Harcourt",Port-Harcourt,Rivers State,180000000.0,enterprise,520.0,4.0,4.0,Semi-Furnished
"3bdrm Block of Flats in Malaysia Estate, Port-Harcourt for sale","Rivers State, Port-Harcourt",Port-Harcourt,Rivers State,50000000.0,enterprise,460.0,3.0,4.0,Semi-Furnished
"Furnished 1bdrm Block of Flats in Akar Rd Off, Port-Harcourt for sale","Rivers State, Port-Harcourt",Port-Harcourt,Rivers State,95000000.0,enterprise,980.0,1.0,2.0,Furnished
"Furnished 6bdrm Duplex in Adamac Estate, Port-Harcourt for sale","Rivers State, Port-Harcourt",Port-Harcourt,Rivers State,125000000.0,enterprise,1980.0,6.0,6.0,Furnished
Furnished 7bdrm Duplex in Port-Harcourt for sale,"Rivers State, Port-Harcourt",Port-Harcourt,Rivers State,120000000.0,enterprise,820.0,7.0,5.0,Furnished
4bdrm Duplex in Rumuibekwe Estate for sale,"Rivers State, Port-Harcourt",Port-Harcourt,Rivers State,150000000.0,enterprise,460.0,4.0,5.0,Semi-Furnished
"5bdrm Duplex in River Park Estate, for sale","Abuja (FCT), Lugbe District",Lugbe District,Abuja (FCT),350000000.0,enterprise,450.0,5.0,6.0,Unfurnished
5bdrm Duplex in Apo Abuja for sale,"Abuja (FCT), Apo District",Apo District,Abuja (FCT),500000000.0,enterprise,800.0,5.0,5.0,Semi-Furnished
"Furnished 5bdrm Duplex in New Road Off Ada, Obio-Akpor for sale","Rivers State, Obio-Akpor",Obio-Akpor,Rivers State,320000000.0,enterprise,465.0,5.0,5.0,Furnished
"Furnished 3bdrm Duplex in Favour Estate, Port-Harcourt for sale","Rivers State, Port-Harcourt",Port-Harcourt,Rivers State,110000000.0,enterprise,320.0,3.0,3.0,Furnished
"4bdrm Bungalow in Ada George, Port-Harcourt for sale","Rivers State, Port-Harcourt",Port-Harcourt,Rivers State,200000000.0,enterprise,980.0,4.0,5.0,Semi-Furnished
"Furnished 2bdrm Block of Flats in Odani Estate Off, Port-Harcourt","Rivers State, Port-Harcourt",Port-Harcourt,Rivers State,150000000.0,enterprise,956.0,2.0,3.0,Furnished
"Furnished 4bdrm Bungalow in Rukpokwu, Port-Harcourt for sale","Rivers State, Port-Harcourt",Port-Harcourt,Rivers State,60000000.0,enterprise,460.0,4.0,4.0,Furnished
"2bdrm Block of Flats in Abuloma Rd, Port-Harcourt for sale","Rivers State, Port-Harcourt",Port-Harcourt,Rivers State,150000000.0,enterprise,460.0,2.0,3.0,Semi-Furnished
"5bdrm Duplex in Nta Rd P/H, Port-Harcourt for sale","Rivers State, Port-Harcourt",Port-Harcourt,Rivers State,135000000.0,enterprise,465.0,5.0,5.0,Semi-Furnished
"2bdrm Block of Flats in Sweetvila Hotel Rd, Port-Harcourt for Sale","Rivers State, Port-Harcourt",Port-Harcourt,Rivers State,90000000.0,enterprise,980.0,2.0,3.0,Semi-Furnished
"Furnished 4bdrm Bungalow in Shedrack Estate, Port-Harcourt for sale","Rivers State, Port-Harcourt",Port-Harcourt,Rivers State,95000000.0,enterprise,450.0,4.0,5.0,Furnished
"6bdrm Duplex in New Gra, Port-Harcourt for sale","Rivers State, Port-Harcourt",Port-Harcourt,Rivers State,170000000.0,enterprise,460.0,6.0,5.0,Semi-Furnished
"Furnished 4bdrm Duplex in Rumughaolu Off Sars, Port-Harcourt for sale","Rivers State, Port-Harcourt",Port-Harcourt,Rivers State,120000000.0,enterprise,470.0,4.0,4.0,Furnished
"5bdrm Duplex in Ochacho, Idu for sale","Jiwa, Idu",Idu,Jiwa,600000000.0,enterprise,600.0,5.0,6.0,Unfurnished
"4bdrm Duplex in River Park Estate, Lugbe District for sale","Abuja (FCT), Lugbe District",Lugbe District,Abuja (FCT),250000000.0,enterprise,450.0,4.0,5.0,Unfurnished
"Furnished 5bdrm Duplex in River Park Estate, Lugbe District for sale","Abuja (FCT), Lugbe District",Lugbe District,Abuja (FCT),230000000.0,enterprise,500.0,5.0,6.0,Furnished
4bdrm Duplex in Apo for sale,"Abuja (FCT), Apo District",Apo District,Abuja (FCT),400000000.0,enterprise,500.0,4.0,5.0,Unfurnished
5bdrm Duplex in Gaduwa for sale,"Abuja (FCT), Gaduwa",Gaduwa,Abuja (FCT),380000000.0,enterprise,500.0,5.0,6.0,Unfurnished
5bdrm Duplex in Katampe Extension for sale,"Katampe, Katampe Extension",Katampe Extension,Katampe,550000000.0,enterprise,400.0,5.0,5.0,Semi-Furnished
"4bdrm Duplex in New Rd Off Ada, Port-Harcourt for sale","Rivers State, Port-Harcourt",Port-Harcourt,Rivers State,125000000.0,enterprise,465.0,4.0,4.0,Semi-Furnished
"6bdrm Duplex in Minita Estate, Port-Harcourt for sale","Rivers State, Port-Harcourt",Port-Harcourt,Rivers State,250000000.0,enterprise,798.0,6.0,6.0,Semi-Furnished
"5bdrm Duplex in Iwofe Off Ada George, Port-Harcourt for sale","Rivers State, Port-Harcourt",Port-Harcourt,Rivers State,130000000.0,enterprise,689.0,5.0,5.0,Semi-Furnished
"Furnished 4bdrm Bungalow in Rumughaolu, Port-Harcourt for sale","Rivers State, Port-Harcourt",Port-Harcourt,Rivers State,90000000.0,enterprise,490.0,4.0,4.0,Furnished
"4bdrm Bungalow in Akar Rd Off Iwofe, Port-Harcourt for sale","Rivers State, Port-Harcourt",Port-Harcourt,Rivers State,85000000.0,enterprise,560.0,4.0,5.0,Semi-Furnished
"4bdrm Bungalow in Nta Rd, Port-Harcourt for sale","Rivers State, Port-Harcourt",Port-Harcourt,Rivers State,150000000.0,enterprise,560.0,4.0,5.0,Semi-Furnished
3bdrm Apartment in Jahi for sale,"Abuja (FCT), Jahi",Jahi,Abuja (FCT),170000000.0,enterprise,180.0,3.0,4.0,Unfurnished
"6bdrm Duplex in Diamond City, Lugbe District for sale","Abuja (FCT), Lugbe District",Lugbe District,Abuja (FCT),150000000.0,enterprise,450.0,6.0,7.0,Unfurnished
6bdrm Duplex in Guzape Abuja for sale,"Abuja (FCT), Guzape District",Guzape District,Abuja (FCT),800000000.0,enterprise,700.0,6.0,7.0,Semi-Furnished
Furnished 4bdrm Duplex in Guzape Abuja for sale,"Abuja (FCT), Guzape District",Guzape District,Abuja (FCT),400000000.0,enterprise,,4.0,5.0,Furnished
5bdrm Duplex in Asokoro Main for sale,"Abuja (FCT), Asokoro",Asokoro,Abuja (FCT),3500000000.0,enterprise,1300.0,5.0,5.0,Semi-Furnished
"5bdrm Duplex in Asokoro Main, Guzape District for sale","Abuja (FCT), Guzape District",Guzape District,Abuja (FCT),1200000000.0,enterprise,1000.0,5.0,5.0,Semi-Furnished
Furnished 5bdrm Duplex in Guzape District for sale,"Abuja (FCT), Guzape District",Guzape District,Abuja (FCT),570000000.0,enterprise,,5.0,5.0,Furnished
6bdrm Duplex in Guzape Main Abuja for sale,"Abuja (FCT), Guzape District",Guzape District,Abuja (FCT),1200000000.0,enterprise,1200.0,6.0,7.0,Semi-Furnished
6bdrm Duplex in Guzape Main Abuja for sale,"Abuja (FCT), Guzape District",Guzape District,Abuja (FCT),550000000.0,enterprise,3000.0,6.0,7.0,Semi-Furnished
"Furnished 4bdrm Duplex in Shell Co Operative, Port-Harcourt for sale","Rivers State, Port-Harcourt",Port-Harcourt,Rivers State,220000000.0,enterprise,500.0,4.0,4.0,Furnished
"Furnished 4bdrm Duplex in Harmony Estates Off, Port-Harcourt for sale","Rivers State, Port-Harcourt",Port-Harcourt,Rivers State,470000000.0,enterprise,689.0,4.0,4.0,Furnished
"Furnished 3bdrm Duplex in Shell Co Operative, Port-Harcourt for sale","Rivers State, Port-Harcourt",Port-Harcourt,Rivers State,180000000.0,enterprise,450.0,3.0,3.0,Furnished
"Furnished 3bdrm Duplex in Shell Co Operative, Port-Harcourt for sale","Rivers State, Port-Harcourt",Port-Harcourt,Rivers State,170000000.0,enterprise,358.0,3.0,3.0,Furnished
"4bdrm Duplex in Gitto Estate East, Port-Harcourt for sale","Rivers State, Port-Harcourt",Port-Harcourt,Rivers State,200000000.0,enterprise,450.0,4.0,5.0,Semi-Furnished
"Furnished 4bdrm Bungalow in New Rd Off Ada, Port-Harcourt for sale","Rivers State, Port-Harcourt",Port-Harcourt,Rivers State,150000000.0,enterprise,985.0,4.0,4.0,Furnished
"Furnished 5bdrm Duplex in Opposite Laritel Off, Port-Harcourt for sale","Rivers State, Port-Harcourt",Port-Harcourt,Rivers State,120000000.0,enterprise,560.0,5.0,5.0,Furnished
"Furnished 4bdrm Duplex in Majesty Estate, Port-Harcourt for sale","Rivers State, Port-Harcourt",Port-Harcourt,Rivers State,150000000.0,enterprise,490.0,4.0,4.0,Furnished
"2bdrm Block of Flats in Ozuoba Ph, Port-Harcourt for sale","Rivers State, Port-Harcourt",Port-Harcourt,Rivers State,90000000.0,enterprise,468.0,2.0,2.0,Semi-Furnished
4bdrm Duplex in Gaduwa for sale,"Abuja (FCT), Gaduwa",Gaduwa,Abuja (FCT),590000000.0,enterprise,600.0,4.0,5.0,Unfurnished
"5bdrm Duplex in Diplomatic Zone, Katampe Extension for sale","Katampe, Katampe Extension",Katampe Extension,Katampe,350000000.0,enterprise,500.0,5.0,6.0,Unfurnished
"3bdrm Bungalow in Not Inside An, Kuje for sale","Abuja (FCT), Kuje",Kuje,Abuja (FCT),90000000.0,enterprise,1000.0,3.0,4.0,Unfurnished
6bdrm House in Yakoyo/Alagbole for sale,"Ojodu, Yakoyo/Alagbole",Yakoyo/Alagbole,Ojodu,50000000.0,False,600.0,6.0,6.0,Unfurnished
5bdrm Duplex in Guzape Abuja for sale,"Abuja (FCT), Guzape District",Guzape District,Abuja (FCT),700000000.0,enterprise,500.0,5.0,5.0,Semi-Furnished
4bdrm Duplex in Jabi Lakeview Abuja for sale,"Abuja (FCT), Jabi",Jabi,Abuja (FCT),650000000.0,enterprise,3000.0,4.0,5.0,Semi-Furnished
Furnished 6bdrm Duplex in Apo By Nepa Junction for sale,"Abuja (FCT), Apo District",Apo District,Abuja (FCT),600000000.0,enterprise,725.0,6.0,5.0,Furnished
5bdrm Duplex in Katampe Extension for sale,"Katampe, Katampe Extension",Katampe Extension,Katampe,500000000.0,enterprise,700.0,5.0,5.0,Semi-Furnished
5bdrm Duplex in Guzape Abuja for sale,"Abuja (FCT), Guzape District",Guzape District,Abuja (FCT),550000000.0,enterprise,3000.0,5.0,6.0,Semi-Furnished
"7bdrm Duplex in Efab Metropolis, Karsana for sale","Gwagwa, Karsana",Karsana,Gwagwa,550000000.0,enterprise,1000.0,7.0,8.0,Semi-Furnished
"2bdrm Block of Flats in Eliparawo Off Ada, Port-Harcourt for sale","Rivers State, Port-Harcourt",Port-Harcourt,Rivers State,120000000.0,enterprise,680.0,2.0,2.0,Semi-Furnished
"1bdrm Block of Flats in Omachi Rumuodomaya, Port-Harcourt for sale","Rivers State, Port-Harcourt",Port-Harcourt,Rivers State,50000000.0,enterprise,340.0,1.0,1.0,Semi-Furnished
"4bdrm Duplex in Doxa Estate Peter, Port-Harcourt for sale","Rivers State, Port-Harcourt",Port-Harcourt,Rivers State,150000000.0,enterprise,460.0,4.0,4.0,Semi-Furnished
"Furnished 4bdrm Duplex in Golf Estate Off, Port-Harcourt for sale","Rivers State, Port-Harcourt",Port-Harcourt,Rivers State,180000000.0,enterprise,420.0,4.0,5.0,Furnished
"4bdrm Duplex in River Park Estate, Lugbe District for sale","Abuja (FCT), Lugbe District",Lugbe District,Abuja (FCT),230000000.0,enterprise,450.0,4.0,5.0,Unfurnished
"4bdrm Duplex in In An Estate, for sale","Katampe, Katampe Extension",Katampe Extension,Katampe,750000000.0,enterprise,500.0,4.0,5.0,Unfurnished
5bdrm Duplex in Wuye Abuja for sale,"Abuja (FCT), Wuye",Wuye,Abuja (FCT),1200000000.0,enterprise,500.0,5.0,6.0,Semi-Furnished
5bdrm Duplex in Asokoro Main By for sale,"Abuja (FCT), Asokoro",Asokoro,Abuja (FCT),1500000000.0,enterprise,800.0,5.0,6.0,Semi-Furnished
5bdrm Duplex in Katampe Extension for sale,"Katampe, Katampe Extension",Katampe Extension,Katampe,1170000000.0,enterprise,600.0,5.0,6.0,Semi-Furnished
"6bdrm Duplex in Efab Metropolis, Gwarinpa for sale","Abuja (FCT), Gwarinpa",Gwarinpa,Abuja (FCT),500000000.0,enterprise,850.0,6.0,5.0,Semi-Furnished
Furnished 4bdrm Duplex in Katampe for sale,"Abuja (FCT), Katampe",Katampe,Abuja (FCT),400000000.0,enterprise,,4.0,5.0,Furnished
"7bdrm Duplex in Efab Metropolis, Gwarinpa for sale","Abuja (FCT), Gwarinpa",Gwarinpa,Abuja (FCT),500000000.0,enterprise,1050.0,7.0,5.0,Semi-Furnished
"4bdrm Duplex in Peter Odili, Port-Harcourt for sale","Rivers State, Port-Harcourt",Port-Harcourt,Rivers State,480000000.0,enterprise,496.0,4.0,4.0,Semi-Furnished
"Furnished 4bdrm Duplex in Woji, Port-Harcourt for sale","Rivers State, Port-Harcourt",Port-Harcourt,Rivers State,250000000.0,enterprise,420.0,4.0,4.0,Furnished
"3bdrm Bungalow in Majesty Estate Ph, Port-Harcourt for sale","Rivers State, Port-Harcourt",Port-Harcourt,Rivers State,100000000.0,enterprise,350.0,3.0,3.0,Semi-Furnished
4bdrm Duplex in Harmony Estates for sale,"Rivers State, Port-Harcourt",Port-Harcourt,Rivers State,350000000.0,enterprise,569.0,4.0,4.0,Semi-Furnished
"5bdrm Duplex in Gas Estate, Port-Harcourt for sale","Rivers State, Port-Harcourt",Port-Harcourt,Rivers State,280000000.0,enterprise,698.0,5.0,5.0,Semi-Furnished
"Furnished 5bdrm Duplex in Alajih Estate Off, Port-Harcourt for sale","Rivers State, Port-Harcourt",Port-Harcourt,Rivers State,300000000.0,enterprise,1395.0,5.0,5.0,Furnished
"2bdrm Apartment in Elelenwo, Port-Harcourt for sale","Rivers State, Port-Harcourt",Port-Harcourt,Rivers State,38000000.0,enterprise,1956.0,2.0,2.0,Semi-Furnished
"Furnished 3bdrm Duplex in Rumuigbo, Port-Harcourt for sale","Rivers State, Port-Harcourt",Port-Harcourt,Rivers State,180000000.0,enterprise,450.0,3.0,3.0,Furnished
"Furnished 5bdrm Mansion in Woji Ph, Port-Harcourt for sale","Rivers State, Port-Harcourt",Port-Harcourt,Rivers State,280000000.0,enterprise,1380.0,5.0,5.0,Furnished
"Furnished 5bdrm Duplex in Radio Estate Off Nta, Port-Harcourt for sale","Rivers State, Port-Harcourt",Port-Harcourt,Rivers State,250000000.0,enterprise,920.0,5.0,5.0,Furnished
"3bdrm Duplex in Somitel Peter Odili, Port-Harcourt for sale","Rivers State, Port-Harcourt",Port-Harcourt,Rivers State,250000000.0,enterprise,320.0,3.0,3.0,Semi-Furnished
"4bdrm Bungalow in Army Range Eneka P/H, Port-Harcourt for sale","Rivers State, Port-Harcourt",Port-Harcourt,Rivers State,85000000.0,enterprise,465.0,4.0,4.0,Semi-Furnished
"Furnished 2bdrm Block of Flats in Road 2 Estate Off, Port-Harcourt","Rivers State, Port-Harcourt",Port-Harcourt,Rivers State,95000000.0,enterprise,460.0,2.0,3.0,Furnished
"3bdrm Bungalow in Along Voice Of, Lugbe District for sale","Abuja (FCT), Lugbe District",Lugbe District,Abuja (FCT),120000000.0,enterprise,900.0,3.0,4.0,Unfurnished
3bdrm Bungalow in Fha Lugbe. for sale,"Abuja (FCT), Lugbe District",Lugbe District,Abuja (FCT),130000000.0,enterprise,950.0,3.0,4.0,Unfurnished
Furnished 5bdrm Duplex in Guzape Abuja for sale,"Abuja (FCT), Guzape District",Guzape District,Abuja (FCT),1000000000.0,enterprise,1200.0,5.0,5.0,Furnished
"6bdrm Duplex in Efab Metropolis, Gwarinpa for sale","Abuja (FCT), Gwarinpa",Gwarinpa,Abuja (FCT),450000000.0,enterprise,800.0,6.0,5.0,Semi-Furnished
5bdrm Duplex in Efab Metropolis for sale,"Abuja (FCT), Gwarinpa",Gwarinpa,Abuja (FCT),370000000.0,enterprise,750.0,5.0,5.0,Unfurnished
"6bdrm Duplex in Efab Metropolis, Karsana for sale","Gwagwa, Karsana",Karsana,Gwagwa,520000000.0,enterprise,1000.0,6.0,7.0,Semi-Furnished
Furnished 6bdrm Duplex in Maitama Abuja for sale,"Abuja (FCT), Maitama",Maitama,Abuja (FCT),3500000000.0,enterprise,1500.0,6.0,5.0,Furnished
"Furnished 4bdrm Duplex in Cedarwood Estate, Port-Harcourt for sale","Rivers State, Port-Harcourt",Port-Harcourt,Rivers State,170000000.0,enterprise,468.0,4.0,4.0,Furnished
"Furnished 4bdrm Duplex in Elejiji Adani Estate, Port-Harcourt for sale","Rivers State, Port-Harcourt",Port-Harcourt,Rivers State,100000000.0,enterprise,460.0,4.0,4.0,Furnished
"4bdrm Duplex in Rumuibekwe Estate, Port-Harcourt for sale","Rivers State, Port-Harcourt",Port-Harcourt,Rivers State,160000000.0,enterprise,410.0,4.0,5.0,Semi-Furnished
"2bdrm Bungalow in Rumuhalu Off, Port-Harcourt for sale","Rivers State, Port-Harcourt",Port-Harcourt,Rivers State,55000000.0,enterprise,450.0,2.0,3.0,Semi-Furnished
"4bdrm Bungalow in Rumuodomaya, Port-Harcourt for sale","Rivers State, Port-Harcourt",Port-Harcourt,Rivers State,100000000.0,enterprise,498.0,4.0,4.0,Semi-Furnished
"2bdrm Block of Flats in Rumukwurushi New, Port-Harcourt for sale","Rivers State, Port-Harcourt",Port-Harcourt,Rivers State,100000000.0,enterprise,580.0,2.0,2.0,Semi-Furnished
"3bdrm Apartment in Fha Estate, Guzape for sale","Abuja (FCT), Guzape District",Guzape District,Abuja (FCT),250000000.0,enterprise,2000.0,3.0,4.0,Semi-Furnished
5bdrm Duplex in Guzape Abuja for sale,"Abuja (FCT), Guzape District",Guzape District,Abuja (FCT),500000000.0,enterprise,2500.0,5.0,5.0,Semi-Furnished
9bdrm Duplex in Maitama for sale,"Abuja (FCT), Maitama",Maitama,Abuja (FCT),8500000000.0,enterprise,2000.0,9.0,5.0,Semi-Furnished
6bdrm Duplex in Efab Metropolis for sale,"Abuja (FCT), Gwarinpa",Gwarinpa,Abuja (FCT),400000000.0,enterprise,800.0,6.0,5.0,Unfurnished
"4bdrm Bungalow in Rumuoke Off Ada, Port-Harcourt for sale","Rivers State, Port-Harcourt",Port-Harcourt,Rivers State,90000000.0,enterprise,1162.0,4.0,4.0,Semi-Furnished
"8bdrm Duplex in Army Reng Off Eneka, Port-Harcourt for sale","Rivers State, Port-Harcourt",Port-Harcourt,Rivers State,120000000.0,enterprise,986.0,8.0,8.0,Unfurnished
"4bdrm Duplex in Peter Odili P/H, Port-Harcourt for sale","Rivers State, Port-Harcourt",Port-Harcourt,Rivers State,270000000.0,enterprise,469.0,4.0,4.0,Semi-Furnished
"2bdrm Block of Flats in Elimgbu Off Tanks, Port-Harcourt for sale","Rivers State, Port-Harcourt",Port-Harcourt,Rivers State,140000000.0,enterprise,789.0,2.0,2.0,Semi-Furnished
"6bdrm Duplex in Majesty Estate Off, Shell Location for sale","Port-Harcourt, Shell Location",Shell Location,Port-Harcourt,250000000.0,enterprise,465.0,6.0,6.0,Semi-Furnished
"2bdrm Block of Flats in Aparalink Off Nta Rd, Port-Harcourt for sale","Rivers State, Port-Harcourt",Port-Harcourt,Rivers State,120000000.0,enterprise,580.0,2.0,2.0,Semi-Furnished
8bdrm Duplex in Old Gra Port for sale,"Rivers State, Port-Harcourt",Port-Harcourt,Rivers State,550000000.0,enterprise,988.0,8.0,8.0,Semi-Furnished
"Furnished 4bdrm Duplex in Royal Estate Peter, Port-Harcourt for sale","Rivers State, Port-Harcourt",Port-Harcourt,Rivers State,250000000.0,enterprise,759.0,4.0,5.0,Furnished
"Furnished 2bdrm Block of Flats in Off Nta Rd Laritel, Port-Harcourt","Rivers State, Port-Harcourt",Port-Harcourt,Rivers State,170000000.0,enterprise,500.0,2.0,3.0,Furnished
"4bdrm Duplex in Palm Height, Lugbe District for sale","Abuja (FCT), Lugbe District",Lugbe District,Abuja (FCT),135000000.0,enterprise,350.0,4.0,5.0,Semi-Furnished
"5bdrm Duplex in Kings Park Estate, Kaura for sale","Abuja (FCT), Kaura",Kaura,Abuja (FCT),400000000.0,enterprise,800.0,5.0,6.0,Unfurnished
"4bdrm Duplex in Tayyib Homes, Lugbe District for sale","Abuja (FCT), Lugbe District",Lugbe District,Abuja (FCT),165000000.0,enterprise,288.0,4.0,5.0,Unfurnished
"3bdrm Bungalow in Forte Royal Estate, for sale","Abuja (FCT), Lugbe District",Lugbe District,Abuja (FCT),150000000.0,enterprise,600.0,3.0,4.0,Unfurnished
6bdrm Duplex in Apo Resettlement for sale,"Apo District, Apo Resettlement",Apo Resettlement,Apo District,450000000.0,enterprise,1200.0,6.0,5.0,Semi-Furnished
"5bdrm Duplex in Diplomatic Zone, Katampe Extension for sale","Katampe, Katampe Extension",Katampe Extension,Katampe,1200000000.0,enterprise,800.0,5.0,5.0,Semi-Furnished
8bdrm Duplex in Maitama Abuja for sale,"Abuja (FCT), Maitama",Maitama,Abuja (FCT),3000000000.0,enterprise,2000.0,8.0,5.0,Semi-Furnished
5bdrm Mansion in Wuye Abuja for sale,"Abuja (FCT), Wuye",Wuye,Abuja (FCT),1200000000.0,enterprise,600.0,5.0,6.0,Semi-Furnished
7bdrm Duplex in Maitama Main Abuja for sale,"Abuja (FCT), Maitama",Maitama,Abuja (FCT),4000000000.0,enterprise,1700.0,7.0,8.0,Semi-Furnished
7bdrm Duplex in Guzape Main Abuja for sale,"Abuja (FCT), Guzape District",Guzape District,Abuja (FCT),1800000000.0,enterprise,1500.0,7.0,8.0,Semi-Furnished
5bdrm Duplex in Guzape Main Abuja for sale,"Abuja (FCT), Guzape District",Guzape District,Abuja (FCT),400000000.0,enterprise,1800.0,5.0,6.0,Semi-Furnished
"3bdrm Bungalow in Efab Queens Estate, Gwarinpa for sale","Abuja (FCT), Gwarinpa",Gwarinpa,Abuja (FCT),200000000.0,enterprise,550.0,3.0,4.0,Semi-Furnished
Furnished 4bdrm Duplex in Fo1 Kubwa Abuja for sale,"Abuja (FCT), Kubwa",Kubwa,Abuja (FCT),255000000.0,enterprise,600.0,4.0,5.0,Furnished
4bdrm Duplex in Orazi Port Harcourt for sale,"Rivers State, Port-Harcourt",Port-Harcourt,Rivers State,200000000.0,enterprise,460.0,4.0,4.0,Semi-Furnished
Furnished 4bdrm Duplex in Sars Rd Port for sale,"Rivers State, Port-Harcourt",Port-Harcourt,Rivers State,180000000.0,enterprise,465.0,4.0,4.0,Furnished
"Furnished 3bdrm Duplex in Ivory Heights Shell, Port-Harcourt for sale","Rivers State, Port-Harcourt",Port-Harcourt,Rivers State,180000000.0,enterprise,450.0,3.0,3.0,Furnished
"4bdrm Duplex in Gitto Estate Off, Port-Harcourt for sale","Rivers State, Port-Harcourt",Port-Harcourt,Rivers State,150000000.0,enterprise,469.0,4.0,4.0,Semi-Furnished
"5bdrm Duplex in Peter Odili, Port-Harcourt for sale","Rivers State, Port-Harcourt",Port-Harcourt,Rivers State,220000000.0,enterprise,690.0,5.0,5.0,Semi-Furnished
"Furnished 4bdrm Duplex in Golf Estate Off, Port-Harcourt for sale","Rivers State, Port-Harcourt",Port-Harcourt,Rivers State,180000000.0,enterprise,350.0,4.0,4.0,Furnished
"Furnished 2bdrm Block of Flats in St Michael Estate, Port-Harcourt","Rivers State, Port-Harcourt",Port-Harcourt,Rivers State,120000000.0,enterprise,690.0,2.0,3.0,Furnished
"Furnished 3bdrm Bungalow in Ade Street, Port-Harcourt for sale","Rivers State, Port-Harcourt",Port-Harcourt,Rivers State,80000000.0,enterprise,680.0,3.0,4.0,Furnished
"Furnished 8bdrm Duplex in Off Stadium Rd, Port-Harcourt for sale","Rivers State, Port-Harcourt",Port-Harcourt,Rivers State,250000000.0,enterprise,650.0,8.0,5.0,Furnished
"4bdrm Duplex in Peter Odili, Port-Harcourt for sale","Rivers State, Port-Harcourt",Port-Harcourt,Rivers State,250000000.0,enterprise,460.0,4.0,4.0,Semi-Furnished
"4bdrm Duplex in Rumuodomaya, Port-Harcourt for sale","Rivers State, Port-Harcourt",Port-Harcourt,Rivers State,130000000.0,enterprise,420.0,4.0,4.0,Semi-Furnished
"Furnished 4bdrm Duplex in Sars Rd, Port-Harcourt for sale","Rivers State, Port-Harcourt",Port-Harcourt,Rivers State,90000000.0,enterprise,460.0,4.0,4.0,Furnished
"3bdrm Block of Flats in Chinda Ph, Port-Harcourt for sale","Rivers State, Port-Harcourt",Port-Harcourt,Rivers State,100000000.0,enterprise,560.0,3.0,3.0,Semi-Furnished
"4bdrm Duplex in Tayyib Homes, Lugbe District for sale","Abuja (FCT), Lugbe District",Lugbe District,Abuja (FCT),160000000.0,enterprise,280.0,4.0,5.0,Unfurnished
"4bdrm Duplex in Ifedi City Gate, Kaura for sale","Abuja (FCT), Kaura",Kaura,Abuja (FCT),550000000.0,enterprise,500.0,4.0,5.0,Unfurnished
"6bdrm Duplex in Faplins, Dakwo District for sale","Abuja (FCT), Dakwo District",Dakwo District,Abuja (FCT),550000000.0,enterprise,700.0,6.0,7.0,Unfurnished
"5bdrm Duplex in Efab Metropolis, Gwarinpa for sale","Abuja (FCT), Gwarinpa",Gwarinpa,Abuja (FCT),350000000.0,enterprise,,5.0,5.0,Unfurnished
7bdrm Duplex in Guzape for sale,"Abuja (FCT), Guzape District",Guzape District,Abuja (FCT),2500000000.0,enterprise,2500.0,7.0,5.0,Semi-Furnished
5bdrm Duplex in Guzape Abuja for sale,"Abuja (FCT), Guzape District",Guzape District,Abuja (FCT),500000000.0,enterprise,800.0,5.0,5.0,Semi-Furnished
5bdrm Duplex in Guzape Main Abuja for sale,"Abuja (FCT), Guzape District",Guzape District,Abuja (FCT),550000000.0,enterprise,450.0,5.0,6.0,Semi-Furnished
"5bdrm Duplex in Ndamati Off St. John, Wimpy for sale","Port-Harcourt, Wimpy",Wimpy,Port-Harcourt,90000000.0,enterprise,326.0,5.0,5.0,Semi-Furnished
"4bdrm Bungalow in Eneka, Port-Harcourt for sale","Rivers State, Port-Harcourt",Port-Harcourt,Rivers State,120000000.0,enterprise,465.0,4.0,4.0,Semi-Furnished
"Furnished 5bdrm Duplex in Rukpokwu, Port-Harcourt for sale","Rivers State, Port-Harcourt",Port-Harcourt,Rivers State,100000000.0,enterprise,465.0,5.0,5.0,Furnished
"Furnished 2bdrm Block of Flats in Akar Rd Off Ada, Port-Harcourt","Rivers State, Port-Harcourt",Port-Harcourt,Rivers State,120000000.0,enterprise,560.0,2.0,3.0,Furnished
"3bdrm Block of Flats in Igg Crescent Off, Port-Harcourt for sale","Rivers State, Port-Harcourt",Port-Harcourt,Rivers State,150000000.0,enterprise,890.0,3.0,3.0,Semi-Furnished
"2bdrm Block of Flats in St. John Off Egbelu, Port-Harcourt for sale","Rivers State, Port-Harcourt",Port-Harcourt,Rivers State,70000000.0,enterprise,490.0,2.0,2.0,Semi-Furnished
"Furnished 4bdrm Duplex in Akar Rd, Port-Harcourt for sale","Rivers State, Port-Harcourt",Port-Harcourt,Rivers State,95000000.0,enterprise,465.0,4.0,4.0,Furnished
"5bdrm Duplex in Radio Estate Off Nta, Port-Harcourt for sale","Rivers State, Port-Harcourt",Port-Harcourt,Rivers State,180000000.0,enterprise,470.0,5.0,5.0,Semi-Furnished
"Furnished 4bdrm Duplex in Nta Rd Axis Ph, Port-Harcourt for sale","Rivers State, Port-Harcourt",Port-Harcourt,Rivers State,180000000.0,enterprise,560.0,4.0,5.0,Furnished
Furnished 4bdrm Duplex in Port-Harcourt for sale,"Rivers State, Port-Harcourt",Port-Harcourt,Rivers State,350000000.0,enterprise,468.0,4.0,4.0,Furnished
"2bdrm Bungalow in Trademore Extension, Lugbe District for sale","Abuja (FCT), Lugbe District",Lugbe District,Abuja (FCT),55000000.0,enterprise,350.0,2.0,3.0,Unfurnished
"3bdrm Apartment in Spinal Apartment, for sale","Abuja (FCT), Kaura",Kaura,Abuja (FCT),140000000.0,enterprise,800.0,3.0,4.0,Unfurnished
"Furnished 5bdrm Duplex in Wuye And Lifecamp, Jabi for sale","Abuja (FCT), Jabi",Jabi,Abuja (FCT),1000000000.0,enterprise,500.0,5.0,5.0,Furnished
Furnished 6bdrm Duplex in Gwarinpa for sale,"Abuja (FCT), Gwarinpa",Gwarinpa,Abuja (FCT),700000000.0,enterprise,550.0,6.0,5.0,Furnished
4bdrm Duplex in Lokogoma Abuja for sale,"Abuja (FCT), Lokogoma",Lokogoma,Abuja (FCT),130000000.0,enterprise,400.0,4.0,5.0,Semi-Furnished
5bdrm Duplex in Katampe Extension for sale,"Katampe, Katampe Extension",Katampe Extension,Katampe,1000000000.0,enterprise,600.0,5.0,5.0,Semi-Furnished
5bdrm Duplex in Apo Resettlement for sale,"Apo District, Apo Resettlement",Apo Resettlement,Apo District,500000000.0,enterprise,500.0,5.0,5.0,Semi-Furnished
"4bdrm Duplex in Amen Street Corner, Port-Harcourt for sale","Rivers State, Port-Harcourt",Port-Harcourt,Rivers State,120000000.0,enterprise,340.0,4.0,4.0,Semi-Furnished
"6bdrm Duplex in After 7 Ozuoba Off, Port-Harcourt for sale","Rivers State, Port-Harcourt",Port-Harcourt,Rivers State,70000000.0,enterprise,468.0,6.0,6.0,Unfurnished
"5bdrm Duplex in Majesty Estates Off, Obio-Akpor for sale","Rivers State, Obio-Akpor",Obio-Akpor,Rivers State,150000000.0,enterprise,465.0,5.0,5.0,Unfurnished
"Furnished 4bdrm Bungalow in Jack Filling Station, Port-Harcourt","Rivers State, Port-Harcourt",Port-Harcourt,Rivers State,150000000.0,enterprise,498.0,4.0,4.0,Furnished
"2bdrm Block of Flats in Akar Rd, Port-Harcourt for sale","Rivers State, Port-Harcourt",Port-Harcourt,Rivers State,130000000.0,enterprise,680.0,2.0,2.0,Unfurnished
"Furnished 2bdrm Block of Flats in Farm Rd, Port-Harcourt for sale","Rivers State, Port-Harcourt",Port-Harcourt,Rivers State,65000000.0,enterprise,460.0,2.0,3.0,Furnished
"Furnished 4bdrm Bungalow in Eneka Rd Rumuduru, Port-Harcourt for sale","Rivers State, Port-Harcourt",Port-Harcourt,Rivers State,58000000.0,enterprise,460.0,4.0,4.0,Furnished
"Furnished 4bdrm Duplex in Aparalink Off Nta Rd, Port-Harcourt for sale","Rivers State, Port-Harcourt",Port-Harcourt,Rivers State,250000000.0,enterprise,460.0,4.0,4.0,Furnished
Furnished 4bdrm Duplex in Mercyland Port for sale,"Rivers State, Port-Harcourt",Port-Harcourt,Rivers State,170000000.0,enterprise,560.0,4.0,5.0,Furnished
2bdrm Block of Flats in Ada George Port for sale,"Rivers State, Port-Harcourt",Port-Harcourt,Rivers State,70000000.0,enterprise,890.0,2.0,3.0,Semi-Furnished
"Furnished 4bdrm Duplex in Tombia Extension, Port-Harcourt for sale","Rivers State, Port-Harcourt",Port-Harcourt,Rivers State,350000000.0,enterprise,420.0,4.0,4.0,Furnished
"4bdrm Duplex in Sumit Estate, Back, Lugbe District for sale","Abuja (FCT), Lugbe District",Lugbe District,Abuja (FCT),190000000.0,enterprise,600.0,4.0,5.0,Unfurnished
6bdrm Duplex in Guzape By Diplomatic for sale,"Abuja (FCT), Guzape District",Guzape District,Abuja (FCT),2500000000.0,enterprise,2000.0,6.0,7.0,Semi-Furnished
10bdrm Mansion in Asokoro Main for sale,"Abuja (FCT), Asokoro",Asokoro,Abuja (FCT),5000000000.0,enterprise,1600.0,10.0,5.0,Semi-Furnished
"5bdrm Duplex in Off Sars Rd, Port-Harcourt for sale","Rivers State, Port-Harcourt",Port-Harcourt,Rivers State,180000000.0,enterprise,750.0,5.0,5.0,Semi-Furnished
2bdrm Block of Flats in Gra Port Harcourt for sale,"Rivers State, Port-Harcourt",Port-Harcourt,Rivers State,300000000.0,enterprise,690.0,2.0,2.0,Semi-Furnished
"Furnished 3bdrm Bungalow in Big Treat  Rukpokwu, Port-Harcourt","Rivers State, Port-Harcourt",Port-Harcourt,Rivers State,75000000.0,enterprise,470.0,3.0,4.0,Furnished
2bdrm Block of Flats in Sars Rd Port for sale,"Rivers State, Port-Harcourt",Port-Harcourt,Rivers State,85000000.0,enterprise,460.0,2.0,3.0,Semi-Furnished
"Furnished 5bdrm Duplex in Rumuosi By Rumuekini, Port-Harcourt for sale","Rivers State, Port-Harcourt",Port-Harcourt,Rivers State,95000000.0,enterprise,920.0,5.0,5.0,Furnished
"4bdrm Duplex in Majesty Estate Nta, Port-Harcourt for sale","Rivers State, Port-Harcourt",Port-Harcourt,Rivers State,150000000.0,enterprise,468.0,4.0,4.0,Semi-Furnished
"Furnished 4bdrm Duplex in Rukpokwu Eneka Rd, Port-Harcourt for sale","Rivers State, Port-Harcourt",Port-Harcourt,Rivers State,100000000.0,enterprise,469.0,4.0,4.0,Furnished
"2bdrm Block of Flats in Naco Gas Plant, Port-Harcourt for sale","Rivers State, Port-Harcourt",Port-Harcourt,Rivers State,80000000.0,enterprise,1380.0,2.0,3.0,Semi-Furnished
"4bdrm Duplex in Rumuekini Off East, Port-Harcourt for sale","Rivers State, Port-Harcourt",Port-Harcourt,Rivers State,50000000.0,enterprise,465.0,4.0,4.0,Unfurnished
"Furnished 3bdrm Bungalow in Igwuruta Ph, Port-Harcourt for sale","Rivers State, Port-Harcourt",Port-Harcourt,Rivers State,75000000.0,enterprise,460.0,3.0,3.0,Furnished
"5bdrm Duplex in New Rd Estate Off, Port-Harcourt for sale","Rivers State, Port-Harcourt",Port-Harcourt,Rivers State,400000000.0,enterprise,465.0,5.0,5.0,Semi-Furnished
"4bdrm Duplex in Nuga Estate, Lugbe District for sale","Abuja (FCT), Lugbe District",Lugbe District,Abuja (FCT),160000000.0,enterprise,350.0,4.0,4.0,Unfurnished
"4bdrm Duplex in Gold City, Lugbe District for sale","Abuja (FCT), Lugbe District",Lugbe District,Abuja (FCT),160000000.0,enterprise,4500.0,4.0,5.0,Unfurnished
"6bdrm Duplex in Efab Metropolis, Gwarinpa for sale","Abuja (FCT), Gwarinpa",Gwarinpa,Abuja (FCT),400000000.0,enterprise,750.0,6.0,5.0,Unfurnished
7bdrm Duplex in Gwarinpa Main for sale,"Abuja (FCT), Gwarinpa",Gwarinpa,Abuja (FCT),800000000.0,enterprise,2500.0,7.0,5.0,Semi-Furnished
5bdrm Duplex in Guzape Abuja for sale,"Abuja (FCT), Guzape District",Guzape District,Abuja (FCT),900000000.0,enterprise,1000.0,5.0,5.0,Semi-Furnished
"3bdrm Duplex in Olowora, Magodo for sale","Lagos State, Magodo",Magodo,Lagos State,140000000.0,premium,2500.0,3.0,3.0,Semi-Furnished
"Furnished 4bdrm Bungalow in Emitary Avenue Off, Port-Harcourt for sale","Rivers State, Port-Harcourt",Port-Harcourt,Rivers State,120000000.0,enterprise,469.0,4.0,4.0,Furnished
4bdrm Duplex in Agip Estate Port for sale,"Rivers State, Port-Harcourt",Port-Harcourt,Rivers State,250000000.0,enterprise,430.0,4.0,4.0,Semi-Furnished
"Furnished 4bdrm Duplex in Omega Estate Off Ada, Port-Harcourt for sale","Rivers State, Port-Harcourt",Port-Harcourt,Rivers State,150000000.0,enterprise,465.0,4.0,4.0,Furnished
"3bdrm Duplex in Shell Co Operative, Port-Harcourt for sale","Rivers State, Port-Harcourt",Port-Harcourt,Rivers State,150000000.0,enterprise,394.0,3.0,3.0,Semi-Furnished
"4bdrm Duplex in Rumughaolu, Port-Harcourt for sale","Rivers State, Port-Harcourt",Port-Harcourt,Rivers State,100000000.0,enterprise,470.0,4.0,4.0,Semi-Furnished
"Furnished 1bdrm Block of Flats in Eni Estate Off Choba, Port-Harcourt","Rivers State, Port-Harcourt",Port-Harcourt,Rivers State,95000000.0,enterprise,560.0,1.0,1.0,Furnished
"Furnished 2bdrm Block of Flats in Elohani Off, Port-Harcourt for sale","Rivers State, Port-Harcourt",Port-Harcourt,Rivers State,140000000.0,enterprise,490.0,2.0,2.0,Furnished
"Furnished 4bdrm Bungalow in Igwuruta Ph, Port-Harcourt for sale","Rivers State, Port-Harcourt",Port-Harcourt,Rivers State,50000000.0,enterprise,984.0,4.0,4.0,Furnished
Furnished 4bdrm Duplex in Akpajo-Elelenwo Port for sale,"Rivers State, Port-Harcourt",Port-Harcourt,Rivers State,250000000.0,enterprise,468.0,4.0,4.0,Furnished
5bdrm Duplex in Dakwo Districts for sale,"Abuja (FCT), Dakwo District",Dakwo District,Abuja (FCT),450000000.0,enterprise,800.0,5.0,6.0,Unfurnished
"8bdrm Duplex in Asokoro Main Abuja, Guzape District for sale","Abuja (FCT), Guzape District",Guzape District,Abuja (FCT),4500000000.0,enterprise,1200.0,8.0,9.0,Semi-Furnished
4bdrm Duplex in Gwarinpa Main for sale,"Abuja (FCT), Gwarinpa",Gwarinpa,Abuja (FCT),350000000.0,enterprise,800.0,4.0,5.0,Semi-Furnished
"4bdrm Bungalow in Efab Queens Estate, for sale","Abuja (FCT), Gwarinpa",Gwarinpa,Abuja (FCT),250000000.0,enterprise,600.0,4.0,5.0,Semi-Furnished
"2bdrm Block of Flats in Sars Rd, Port-Harcourt for sale","Rivers State, Port-Harcourt",Port-Harcourt,Rivers State,200000000.0,enterprise,930.0,2.0,2.0,Unfurnished
"Furnished 6bdrm Duplex in Rumuduru, Port-Harcourt for sale","Rivers State, Port-Harcourt",Port-Harcourt,Rivers State,250000000.0,enterprise,789.0,6.0,6.0,Furnished
"Furnished 2bdrm Block of Flats in Okiten Estate Off, Port-Harcourt","Rivers State, Port-Harcourt",Port-Harcourt,Rivers State,95000000.0,enterprise,640.0,2.0,3.0,Furnished
2bdrm Block of Flats in Igwuruta In Port for sale,"Rivers State, Port-Harcourt",Port-Harcourt,Rivers State,75000000.0,enterprise,469.0,2.0,2.0,Semi-Furnished
"4bdrm Bungalow in Nddc, Port-Harcourt for sale","Rivers State, Port-Harcourt",Port-Harcourt,Rivers State,55000000.0,enterprise,490.0,4.0,5.0,Semi-Furnished
"5bdrm Duplex in Opp Games Village, Kaura for sale","Abuja (FCT), Kaura",Kaura,Abuja (FCT),500000000.0,enterprise,450.0,5.0,6.0,Unfurnished
"4bdrm Duplex in Gold City, Lugbe District for sale","Abuja (FCT), Lugbe District",Lugbe District,Abuja (FCT),165000000.0,enterprise,400.0,4.0,5.0,Unfurnished
6bdrm Duplex in Katampe Extension for sale,"Katampe, Katampe Extension",Katampe Extension,Katampe,1200000000.0,enterprise,800.0,6.0,5.0,Semi-Furnished
6bdrm Duplex in Gudu/Apo for sale,"Abuja (FCT), Gudu",Gudu,Abuja (FCT),600000000.0,enterprise,800.0,6.0,5.0,Semi-Furnished
"Furnished 5bdrm Duplex in Efab Metropolis, Gwarinpa for sale","Abuja (FCT), Gwarinpa",Gwarinpa,Abuja (FCT),400000000.0,enterprise,,5.0,5.0,Furnished
Furnished 4bdrm Duplex in Guzape Abuja for sale,"Abuja (FCT), Guzape District",Guzape District,Abuja (FCT),450000000.0,enterprise,,4.0,5.0,Furnished
Furnished 4bdrm Duplex in Asokoro for sale,"Abuja (FCT), Asokoro",Asokoro,Abuja (FCT),1000000000.0,enterprise,,4.0,5.0,Furnished
"Furnished 6bdrm Duplex in Majesty Estate Off, Port-Harcourt for sale","Rivers State, Port-Harcourt",Port-Harcourt,Rivers State,260000000.0,enterprise,530.0,6.0,6.0,Furnished
"3bdrm Bungalow in Presidential Estate, Port-Harcourt for sale","Rivers State, Port-Harcourt",Port-Harcourt,Rivers State,100000000.0,enterprise,495.0,3.0,3.0,Semi-Furnished
"3bdrm Duplex in Gitto Estates, Port-Harcourt for sale","Rivers State, Port-Harcourt",Port-Harcourt,Rivers State,98000000.0,enterprise,420.0,3.0,3.0,Semi-Furnished
Furnished 5bdrm Duplex in Elelewon Port for sale,"Rivers State, Port-Harcourt",Port-Harcourt,Rivers State,140000000.0,enterprise,590.0,5.0,5.0,Furnished
"Furnished 5bdrm Duplex in Opara Street, Port-Harcourt for sale","Rivers State, Port-Harcourt",Port-Harcourt,Rivers State,80000000.0,enterprise,580.0,5.0,5.0,Furnished
"Furnished 6bdrm Duplex in Rukpokwu Ph, Port-Harcourt for sale","Rivers State, Port-Harcourt",Port-Harcourt,Rivers State,160000000.0,enterprise,590.0,6.0,6.0,Furnished
5bdrm Duplex in Agip Estate Port for sale,"Rivers State, Port-Harcourt",Port-Harcourt,Rivers State,80000000.0,enterprise,460.0,5.0,5.0,Semi-Furnished
3bdrm Bungalow in Rumughaolu Port for sale,"Rivers State, Port-Harcourt",Port-Harcourt,Rivers State,80000000.0,enterprise,469.0,3.0,3.0,Semi-Furnished
6bdrm Duplex in Guzape for sale,"Abuja (FCT), Guzape District",Guzape District,Abuja (FCT),750000000.0,enterprise,500.0,6.0,7.0,Unfurnished
"4bdrm Bungalow in In Na Estate Along, Lugbe District for sale","Abuja (FCT), Lugbe District",Lugbe District,Abuja (FCT),85000000.0,enterprise,600.0,4.0,5.0,Unfurnished
4bdrm Mansion in Wuye Main for sale,"Abuja (FCT), Wuye",Wuye,Abuja (FCT),750000000.0,enterprise,550.0,4.0,5.0,Semi-Furnished
"4bdrm Duplex in Precise Estate, Apo for sale","Abuja (FCT), Apo District",Apo District,Abuja (FCT),280000000.0,enterprise,730.0,4.0,5.0,Unfurnished
7bdrm Duplex in Asokoro Abuja for sale,"Abuja (FCT), Asokoro",Asokoro,Abuja (FCT),2800000000.0,enterprise,1200.0,7.0,8.0,Semi-Furnished
4bdrm Duplex in Utako Abuja for sale,"Abuja (FCT), Utako",Utako,Abuja (FCT),450000000.0,enterprise,2000.0,4.0,5.0,Semi-Furnished
7bdrm Mansion in Asokoro Main By for sale,"Abuja (FCT), Asokoro",Asokoro,Abuja (FCT),5000000000.0,enterprise,3200.0,7.0,8.0,Semi-Furnished
5bdrm Duplex in Gwarinpa Main Abuja for sale,"Abuja (FCT), Gwarinpa",Gwarinpa,Abuja (FCT),650000000.0,enterprise,1200.0,5.0,6.0,Semi-Furnished
5bdrm Duplex in Victory Estate Off for sale,"Rivers State, Port-Harcourt",Port-Harcourt,Rivers State,280000000.0,enterprise,989.0,5.0,5.0,Semi-Furnished
"5bdrm Duplex in Sars Rd, Port-Harcourt for sale","Rivers State, Port-Harcourt",Port-Harcourt,Rivers State,200000000.0,enterprise,560.0,5.0,5.0,Semi-Furnished
Furnished 5bdrm Duplex in Eliozu Port Harcourt for sale,"Rivers State, Port-Harcourt",Port-Harcourt,Rivers State,400000000.0,enterprise,1395.0,5.0,5.0,Furnished
"Furnished 4bdrm Duplex in Happy Beat Estate, Port-Harcourt for sale","Rivers State, Port-Harcourt",Port-Harcourt,Rivers State,250000000.0,enterprise,423.0,4.0,4.0,Furnished
"2bdrm Block of Flats in Ozuoba Ph, Port-Harcourt for sale","Rivers State, Port-Harcourt",Port-Harcourt,Rivers State,100000000.0,enterprise,468.0,2.0,2.0,Semi-Furnished
"5bdrm Duplex in Lord Choose Estate, Port-Harcourt for sale","Rivers State, Port-Harcourt",Port-Harcourt,Rivers State,65000000.0,enterprise,520.0,5.0,5.0,Unfurnished
"Furnished 5bdrm Duplex in Chinda Rd Off Ada, Port-Harcourt for sale","Rivers State, Port-Harcourt",Port-Harcourt,Rivers State,300000000.0,enterprise,689.0,5.0,5.0,Furnished
"3bdrm Block of Flats in Peter Odili Off, Port-Harcourt for sale","Rivers State, Port-Harcourt",Port-Harcourt,Rivers State,150000000.0,enterprise,469.0,3.0,3.0,Semi-Furnished
"5bdrm Duplex in Nut Opposite River, Lugbe District for sale","Abuja (FCT), Lugbe District",Lugbe District,Abuja (FCT),1950000000.0,enterprise,550.0,5.0,6.0,Unfurnished
"4bdrm Duplex in Sally Best, Lugbe District for sale","Abuja (FCT), Lugbe District",Lugbe District,Abuja (FCT),260000000.0,enterprise,500.0,4.0,5.0,Unfurnished
"3bdrm Bungalow in Fha, Lugbe for sale","Abuja (FCT), Lugbe District",Lugbe District,Abuja (FCT),85000000.0,enterprise,800.0,3.0,4.0,Unfurnished
"5bdrm Bungalow in Doctor'S Court, Lugbe District for sale","Abuja (FCT), Lugbe District",Lugbe District,Abuja (FCT),45000000.0,enterprise,600.0,5.0,6.0,Unfurnished
5bdrm Duplex in Guzape Diplomatic for sale,"Abuja (FCT), Guzape District",Guzape District,Abuja (FCT),700000000.0,enterprise,500.0,5.0,6.0,Unfurnished
"6bdrm Duplex in Efab Metropolis, Gwarinpa for sale","Abuja (FCT), Gwarinpa",Gwarinpa,Abuja (FCT),450000000.0,enterprise,1000.0,6.0,7.0,Semi-Furnished
5bdrm Duplex in Jabi Waterfront for sale,"Abuja (FCT), Jabi",Jabi,Abuja (FCT),1500000000.0,enterprise,700.0,5.0,5.0,Semi-Furnished
"Furnished 5bdrm Duplex in Efab Metropolis, Gwarinpa for sale","Abuja (FCT), Gwarinpa",Gwarinpa,Abuja (FCT),400000000.0,enterprise,750.0,5.0,5.0,Furnished
4bdrm Duplex in Guzape Abuja for sale,"Abuja (FCT), Guzape District",Guzape District,Abuja (FCT),450000000.0,enterprise,500.0,4.0,5.0,Semi-Furnished
6bdrm Duplex in Gwarinpa Abuja for sale,"Abuja (FCT), Gwarinpa",Gwarinpa,Abuja (FCT),600000000.0,enterprise,600.0,6.0,5.0,Semi-Furnished
9bdrm Mansion in Maitama Main By for sale,"Abuja (FCT), Maitama",Maitama,Abuja (FCT),5500000000.0,enterprise,2200.0,9.0,10.0,Semi-Furnished
"4bdrm Bungalow in Second Market Eneka, Port-Harcourt for sale","Rivers State, Port-Harcourt",Port-Harcourt,Rivers State,63000000.0,enterprise,469.0,4.0,4.0,Semi-Furnished
"2bdrm Block of Flats in Rukpokwu Eneka Rd, Port-Harcourt for sale","Rivers State, Port-Harcourt",Port-Harcourt,Rivers State,170000000.0,enterprise,982.0,2.0,2.0,Semi-Furnished
"Furnished 4bdrm Duplex in Eneka Link Off, Port-Harcourt for sale","Rivers State, Port-Harcourt",Port-Harcourt,Rivers State,200000000.0,enterprise,465.0,4.0,4.0,Furnished
"3bdrm Duplex in Agip Estate Ph, Port-Harcourt for sale","Rivers State, Port-Harcourt",Port-Harcourt,Rivers State,170000000.0,enterprise,420.0,3.0,3.0,Semi-Furnished
"5bdrm Duplex in Eliozu P/H, Port-Harcourt for sale","Rivers State, Port-Harcourt",Port-Harcourt,Rivers State,180000000.0,enterprise,980.0,5.0,5.0,Semi-Furnished
"1bdrm Block of Flats in St John Iwofe Rd Ph, Port-Harcourt for sale","Rivers State, Port-Harcourt",Port-Harcourt,Rivers State,80000000.0,enterprise,480.0,1.0,1.0,Semi-Furnished
"5bdrm Duplex in Eliozu, Port-Harcourt for sale","Rivers State, Port-Harcourt",Port-Harcourt,Rivers State,180000000.0,enterprise,820.0,5.0,5.0,Semi-Furnished
"Furnished 1bdrm Block of Flats in Jesus Avenue Off Nta, Port-Harcourt","Rivers State, Port-Harcourt",Port-Harcourt,Rivers State,80000000.0,enterprise,680.0,1.0,1.0,Furnished
"Furnished 4bdrm Duplex in Odani Elelenwo Ph, Port-Harcourt for sale","Rivers State, Port-Harcourt",Port-Harcourt,Rivers State,100000000.0,enterprise,465.0,4.0,4.0,Furnished
"5bdrm Duplex in Primasset Estate, Lugbe District for sale","Abuja (FCT), Lugbe District",Lugbe District,Abuja (FCT),300000000.0,enterprise,500.0,5.0,6.0,Unfurnished
"6bdrm Duplex in Prime Villa Estate, Lugbe District for sale","Abuja (FCT), Lugbe District",Lugbe District,Abuja (FCT),85000000.0,enterprise,400.0,6.0,7.0,Unfurnished
Furnished 6bdrm Duplex in Katampe Extension for sale,"Katampe, Katampe Extension",Katampe Extension,Katampe,3000000000.0,enterprise,1800.0,6.0,5.0,Furnished
5bdrm Mansion in Maitama Main Abuja for sale,"Abuja (FCT), Maitama",Maitama,Abuja (FCT),4000000000.0,enterprise,1500.0,5.0,6.0,Semi-Furnished
"1bdrm Block of Flats in Nvigwe Woji, Port-Harcourt for sale","Rivers State, Port-Harcourt",Port-Harcourt,Rivers State,60000000.0,enterprise,465.0,1.0,1.0,Semi-Furnished
4bdrm Duplex in Port Harcourt for sale,"Rivers State, Port-Harcourt",Port-Harcourt,Rivers State,60000000.0,enterprise,498.0,4.0,4.0,Unfurnished
"Furnished 5bdrm Duplex in Rukpokwu Off Sars Rd, Port-Harcourt for sale","Rivers State, Port-Harcourt",Port-Harcourt,Rivers State,130000000.0,enterprise,650.0,5.0,5.0,Furnished
"Furnished 3bdrm Block of Flats in Ndamati Estate, Port-Harcourt","Rivers State, Port-Harcourt",Port-Harcourt,Rivers State,70000000.0,enterprise,460.0,3.0,3.0,Furnished
"4bdrm Duplex in Mopol 19 Gra, Port-Harcourt for sale","Rivers State, Port-Harcourt",Port-Harcourt,Rivers State,250000000.0,enterprise,450.0,4.0,4.0,Semi-Furnished
4bdrm Duplex in Gwarinpa for sale,"Abuja (FCT), Gwarinpa",Gwarinpa,Abuja (FCT),200000000.0,enterprise,,4.0,5.0,Semi-Furnished
"7bdrm Duplex in Bilaad Estate, Jabi for sale","Abuja (FCT), Jabi",Jabi,Abuja (FCT),750000000.0,enterprise,600.0,7.0,5.0,Semi-Furnished
9bdrm Duplex in Katampe Extension for sale,"Katampe, Katampe Extension",Katampe Extension,Katampe,2500000000.0,enterprise,2500.0,9.0,5.0,Semi-Furnished
Furnished 6bdrm Duplex in Gwarinpa for sale,"Abuja (FCT), Gwarinpa",Gwarinpa,Abuja (FCT),350000000.0,enterprise,,6.0,5.0,Furnished
9bdrm Mansion in Guzape Diplomatic for sale,"Abuja (FCT), Guzape District",Guzape District,Abuja (FCT),3000000000.0,enterprise,2000.0,9.0,10.0,Semi-Furnished
"5bdrm Duplex in Efab Metropolis, Gwarinpa for sale","Abuja (FCT), Gwarinpa",Gwarinpa,Abuja (FCT),400000000.0,enterprise,800.0,5.0,5.0,Semi-Furnished
4bdrm Bungalow in Eneka Port Harcourt for sale,"Rivers State, Port-Harcourt",Port-Harcourt,Rivers State,75000000.0,enterprise,465.0,4.0,4.0,Semi-Furnished
2bdrm Bungalow in Ada George Port for sale,"Rivers State, Port-Harcourt",Port-Harcourt,Rivers State,100000000.0,enterprise,368.0,2.0,2.0,Semi-Furnished
"3bdrm Block of Flats in Rumuakparali, Port-Harcourt for sale","Rivers State, Port-Harcourt",Port-Harcourt,Rivers State,75000000.0,enterprise,465.0,3.0,3.0,Unfurnished
"5bdrm Duplex in Sars Rd P/H, Port-Harcourt for sale","Rivers State, Port-Harcourt",Port-Harcourt,Rivers State,130000000.0,enterprise,465.0,5.0,5.0,Semi-Furnished
"Furnished 5bdrm Duplex in Mercy Land Off Nta, Port-Harcourt for sale","Rivers State, Port-Harcourt",Port-Harcourt,Rivers State,130000000.0,enterprise,680.0,5.0,5.0,Furnished
"Furnished 5bdrm Duplex in Nkpolu Runuigbo, Port-Harcourt for sale","Rivers State, Port-Harcourt",Port-Harcourt,Rivers State,98000000.0,enterprise,480.0,5.0,5.0,Furnished
"Furnished 5bdrm Duplex in Gas Estate Ozuoba Rd, Port-Harcourt for sale","Rivers State, Port-Harcourt",Port-Harcourt,Rivers State,200000000.0,enterprise,789.0,5.0,5.0,Furnished
"1bdrm Block of Flats in Omachi Estate, Port-Harcourt for sale","Rivers State, Port-Harcourt",Port-Harcourt,Rivers State,40000000.0,enterprise,320.0,1.0,1.0,Semi-Furnished
"Furnished 3bdrm Block of Flats in Lekki Garden Gra Ph, Port-Harcourt","Rivers State, Port-Harcourt",Port-Harcourt,Rivers State,95000000.0,enterprise,235.0,3.0,3.0,Furnished
"Furnished 11bdrm Duplex in Emerald Garden, Lugbe District for sale","Abuja (FCT), Lugbe District",Lugbe District,Abuja (FCT),380000000.0,enterprise,500.0,11.0,12.0,Furnished
"14bdrm Block of Flats in River Park Estate, Lugbe District for sale","Abuja (FCT), Lugbe District",Lugbe District,Abuja (FCT),380000000.0,enterprise,1200.0,14.0,15.0,Unfurnished
4bdrm Duplex in Around Apo Mechanic for sale,"Abuja (FCT), Apo District",Apo District,Abuja (FCT),210000000.0,enterprise,400.0,4.0,5.0,Unfurnished
5bdrm Duplex in Katampe Extension for sale,"Katampe, Katampe Extension",Katampe Extension,Katampe,500000000.0,enterprise,,5.0,5.0,Semi-Furnished
4bdrm Duplex in Guzape Abuja for sale,"Abuja (FCT), Guzape District",Guzape District,Abuja (FCT),250000000.0,enterprise,400.0,4.0,5.0,Unfurnished
"5bdrm Duplex in Wuse, Zone 1, Abuja for sale","Wuse, Zone 1 / Wuse",Zone 1 / Wuse,Wuse,800000000.0,enterprise,600.0,5.0,6.0,Semi-Furnished
Furnished 4bdrm Duplex in Guzape Abuja for sale,"Abuja (FCT), Guzape District",Guzape District,Abuja (FCT),800000000.0,enterprise,700.0,4.0,5.0,Furnished
6bdrm Duplex in Guzape Main Abuja for sale,"Abuja (FCT), Guzape District",Guzape District,Abuja (FCT),1000000000.0,enterprise,800.0,6.0,7.0,Semi-Furnished
"5bdrm Duplex in Efab Metropolis, Gwarinpa for sale","Abuja (FCT), Gwarinpa",Gwarinpa,Abuja (FCT),400000000.0,enterprise,,5.0,5.0,Unfurnished
4bdrm Duplex in Guzape Main Abuja for sale,"Abuja (FCT), Guzape District",Guzape District,Abuja (FCT),350000000.0,enterprise,1500.0,4.0,5.0,Semi-Furnished
"Furnished 4bdrm Duplex in Rayfield Resort, Jos for sale","Plateau State, Jos",Jos,Plateau State,120000000.0,enterprise,5000.0,4.0,5.0,Furnished
"2bdrm Bungalow in Deeper Life Off, Port-Harcourt for sale","Rivers State, Port-Harcourt",Port-Harcourt,Rivers State,40000000.0,enterprise,465.0,2.0,2.0,Semi-Furnished
"Furnished 4bdrm Duplex in Harmony Estate Off, Port-Harcourt for sale","Rivers State, Port-Harcourt",Port-Harcourt,Rivers State,130000000.0,enterprise,360.0,4.0,4.0,Furnished
"Furnished 4bdrm Duplex in Peter Odili, Port-Harcourt for sale","Rivers State, Port-Harcourt",Port-Harcourt,Rivers State,320000000.0,enterprise,452.0,4.0,4.0,Furnished
"4bdrm Duplex in Shell Co Operative, Port-Harcourt for sale","Rivers State, Port-Harcourt",Port-Harcourt,Rivers State,220000000.0,enterprise,465.0,4.0,4.0,Semi-Furnished
"2bdrm Block of Flats in Rumuduru Ph, Port-Harcourt for sale","Rivers State, Port-Harcourt",Port-Harcourt,Rivers State,75000000.0,enterprise,475.0,2.0,2.0,Semi-Furnished
"4bdrm Duplex in Mopol 19 Gra Ph, Port-Harcourt for sale","Rivers State, Port-Harcourt",Port-Harcourt,Rivers State,170000000.0,enterprise,465.0,4.0,4.0,Semi-Furnished
"Furnished 6bdrm Duplex in Eliozu, Port-Harcourt for sale","Rivers State, Port-Harcourt",Port-Harcourt,Rivers State,250000000.0,enterprise,985.0,6.0,6.0,Furnished
"Furnished 4bdrm Duplex in Rumuibekwe Estate, Port-Harcourt for sale","Rivers State, Port-Harcourt",Port-Harcourt,Rivers State,180000000.0,enterprise,680.0,4.0,4.0,Furnished
"Furnished 4bdrm Bungalow in In An Estate, Back, Lugbe District for sale","Abuja (FCT), Lugbe District",Lugbe District,Abuja (FCT),110000000.0,enterprise,500.0,4.0,5.0,Furnished
"4bdrm Duplex in Mshel, Lugbe District for sale","Abuja (FCT), Lugbe District",Lugbe District,Abuja (FCT),165000000.0,enterprise,450.0,4.0,5.0,Unfurnished
5bdrm Duplex in Guzape Main Abuja for sale,"Abuja (FCT), Guzape District",Guzape District,Abuja (FCT),550000000.0,enterprise,700.0,5.0,6.0,Semi-Furnished
"7bdrm Duplex in Bilaad Estate, Jabi for sale","Abuja (FCT), Jabi",Jabi,Abuja (FCT),850000000.0,enterprise,800.0,7.0,5.0,Semi-Furnished
4bdrm Duplex in Guzape Abuja for sale,"Abuja (FCT), Guzape District",Guzape District,Abuja (FCT),500000000.0,enterprise,2000.0,4.0,5.0,Semi-Furnished
8bdrm Mansion in Katampe Extension for sale,"Katampe, Katampe Extension",Katampe Extension,Katampe,2500000000.0,enterprise,2200.0,8.0,5.0,Unfurnished
"Furnished 4bdrm Duplex in Shell Co Operative, Port-Harcourt for sale","Rivers State, Port-Harcourt",Port-Harcourt,Rivers State,400000000.0,enterprise,1162.0,4.0,4.0,Furnished
"Furnished 5bdrm Duplex in Road 17 Estate Off, Port-Harcourt for sale","Rivers State, Port-Harcourt",Port-Harcourt,Rivers State,350000000.0,enterprise,469.0,5.0,5.0,Furnished
"Furnished 5bdrm Duplex in Shell Co Operative, Port-Harcourt for sale","Rivers State, Port-Harcourt",Port-Harcourt,Rivers State,170000000.0,enterprise,320.0,5.0,5.0,Furnished
"3bdrm Bungalow in Mbodo-Aluu Behind, Port-Harcourt for sale","Rivers State, Port-Harcourt",Port-Harcourt,Rivers State,70000000.0,enterprise,986.0,3.0,3.0,Unfurnished
4bdrm Duplex in Cedeerwood Estate for sale,"Rivers State, Port-Harcourt",Port-Harcourt,Rivers State,100000000.0,enterprise,538.0,4.0,4.0,Semi-Furnished
"2bdrm Block of Flats in Rumuekini Off East, Port-Harcourt for sale","Rivers State, Port-Harcourt",Port-Harcourt,Rivers State,49000000.0,enterprise,986.0,2.0,2.0,Semi-Furnished
"2bdrm Block of Flats in Rumuolumini Off, Port-Harcourt for sale","Rivers State, Port-Harcourt",Port-Harcourt,Rivers State,45000000.0,enterprise,450.0,2.0,2.0,Semi-Furnished
"Furnished 3bdrm Block of Flats in Tombia Gra, Port-Harcourt for sale","Rivers State, Port-Harcourt",Port-Harcourt,Rivers State,95000000.0,enterprise,460.0,3.0,3.0,Furnished
"4bdrm Duplex in Peter Odili, Port-Harcourt for sale","Rivers State, Port-Harcourt",Port-Harcourt,Rivers State,180000000.0,enterprise,320.0,4.0,4.0,Semi-Furnished
"4bdrm Duplex in River Park Estate, for sale","Abuja (FCT), Lugbe District",Lugbe District,Abuja (FCT),260000000.0,enterprise,450.0,4.0,5.0,Unfurnished
4bdrm Duplex in Ikota for sale,"Lekki, Ikota",Ikota,Lekki,230000000.0,diamond,200.0,4.0,4.0,Semi-Furnished
6bdrm Duplex in Asokoro Main Abuja for sale,"Abuja (FCT), Asokoro",Asokoro,Abuja (FCT),1200000000.0,enterprise,600.0,6.0,7.0,Semi-Furnished
"6bdrm Duplex in Efab Metropolis, Gwarinpa for sale","Abuja (FCT), Gwarinpa",Gwarinpa,Abuja (FCT),400000000.0,enterprise,,6.0,5.0,Unfurnished
"3bdrm Apartment in Gra, Port-Harcourt for sale","Rivers State, Port-Harcourt",Port-Harcourt,Rivers State,80000000.0,enterprise,321.0,3.0,3.0,Semi-Furnished
4bdrm Duplex in Shell Co Operative for sale,"Rivers State, Port-Harcourt",Port-Harcourt,Rivers State,250000000.0,enterprise,430.0,4.0,4.0,Semi-Furnished
"5bdrm Duplex in Ndamati Estate Off, Oyigbo for sale","Rivers State, Oyigbo",Oyigbo,Rivers State,120000000.0,enterprise,300.0,5.0,5.0,Semi-Furnished
"2bdrm Block of Flats in Majesty Estates Off, Obio-Akpor for sale","Rivers State, Obio-Akpor",Obio-Akpor,Rivers State,200000000.0,enterprise,986.0,2.0,2.0,Semi-Furnished
"Furnished 4bdrm Duplex in Shell Co Operative, Port-Harcourt for sale","Rivers State, Port-Harcourt",Port-Harcourt,Rivers State,220000000.0,enterprise,468.0,4.0,4.0,Furnished
"6bdrm Duplex in Unity Avenue, Port-Harcourt for sale","Rivers State, Port-Harcourt",Port-Harcourt,Rivers State,85000000.0,enterprise,658.0,6.0,6.0,Unfurnished
"Furnished 3bdrm Block of Flats in Unity Estate Off, Port-Harcourt","Rivers State, Port-Harcourt",Port-Harcourt,Rivers State,90000000.0,enterprise,560.0,3.0,3.0,Furnished
"Furnished 4bdrm Duplex in Rumudomaya, Port-Harcourt for sale","Rivers State, Port-Harcourt",Port-Harcourt,Rivers State,150000000.0,enterprise,350.0,4.0,4.0,Furnished
"4bdrm Duplex in Eneka, Port-Harcourt for sale","Rivers State, Port-Harcourt",Port-Harcourt,Rivers State,150000000.0,enterprise,450.0,4.0,4.0,Semi-Furnished
"4bdrm Duplex in Oil Spring Estate, Lugbe District for sale","Abuja (FCT), Lugbe District",Lugbe District,Abuja (FCT),85000000.0,enterprise,600.0,4.0,5.0,Unfurnished
5bdrm Duplex in Wuse Zone for sale,"Abuja (FCT), Wuse",Wuse,Abuja (FCT),850000000.0,enterprise,600.0,5.0,6.0,Unfurnished
"4bdrm Duplex in Oil Spring Estate, Lugbe District for sale","Abuja (FCT), Lugbe District",Lugbe District,Abuja (FCT),90000000.0,enterprise,600.0,4.0,5.0,Unfurnished
"2bdrm Block of Flats in Unguwan Hashimu, Karu-Nasarawa for sale","Nasarawa State, Karu-Nasarawa",Karu-Nasarawa,Nasarawa State,290000000.0,False,1630.0,2.0,3.0,Unfurnished
5bdrm Duplex in Jahi By Gilmore for sale,"Abuja (FCT), Jahi",Jahi,Abuja (FCT),370000000.0,enterprise,3000.0,5.0,5.0,Semi-Furnished
6bdrm Duplex in Maitama Main Abuja for sale,"Abuja (FCT), Maitama",Maitama,Abuja (FCT),3000000000.0,enterprise,600.0,6.0,7.0,Semi-Furnished
5bdrm Duplex in Gwarinpa Main Abuja for sale,"Abuja (FCT), Gwarinpa",Gwarinpa,Abuja (FCT),500000000.0,enterprise,500.0,5.0,6.0,Semi-Furnished
Furnished 7bdrm Duplex in Guzape Abuja for sale,"Abuja (FCT), Guzape District",Guzape District,Abuja (FCT),2000000000.0,enterprise,1700.0,7.0,5.0,Furnished
"5bdrm Duplex in Dawaki By News, Gwarinpa for sale","Abuja (FCT), Gwarinpa",Gwarinpa,Abuja (FCT),300000000.0,enterprise,3000.0,5.0,6.0,Semi-Furnished
"2bdrm Block of Flats in Twice Sister Estate, Port-Harcourt for sale","Rivers State, Port-Harcourt",Port-Harcourt,Rivers State,85000000.0,enterprise,460.0,2.0,2.0,Semi-Furnished
"Furnished 4bdrm Duplex in Ada George Port, Shell Location for sale","Port-Harcourt, Shell Location",Shell Location,Port-Harcourt,380000000.0,enterprise,1395.0,4.0,4.0,Furnished
"5bdrm Duplex in Rukpokwu, Port-Harcourt for sale","Rivers State, Port-Harcourt",Port-Harcourt,Rivers State,150000000.0,enterprise,465.0,5.0,5.0,Unfurnished
Furnished 4bdrm Duplex in Port-Harcourt for sale,"Rivers State, Port-Harcourt",Port-Harcourt,Rivers State,150000000.0,enterprise,,4.0,5.0,Furnished
"4bdrm Duplex in Mini Orlu Off  Ada, Port-Harcourt for sale","Rivers State, Port-Harcourt",Port-Harcourt,Rivers State,95000000.0,enterprise,640.0,4.0,4.0,Semi-Furnished
"Furnished 4bdrm Duplex in Rumuodomaya, Port-Harcourt for sale","Rivers State, Port-Harcourt",Port-Harcourt,Rivers State,250000000.0,enterprise,460.0,4.0,4.0,Furnished
"2bdrm Bungalow in Sars Rd Ph, Port-Harcourt for sale","Rivers State, Port-Harcourt",Port-Harcourt,Rivers State,70000000.0,enterprise,320.0,2.0,2.0,Semi-Furnished
"Furnished 4bdrm Duplex in Shell Co Operative, Port-Harcourt for sale","Rivers State, Port-Harcourt",Port-Harcourt,Rivers State,280000000.0,enterprise,560.0,4.0,5.0,Furnished
"Furnished 4bdrm Bungalow in Ait Off Nta Rd Ph, Port-Harcourt for sale","Rivers State, Port-Harcourt",Port-Harcourt,Rivers State,95000000.0,enterprise,460.0,4.0,4.0,Furnished
"4bdrm Duplex in Harmony Estate In Ph, Port-Harcourt for sale","Rivers State, Port-Harcourt",Port-Harcourt,Rivers State,400000000.0,enterprise,520.0,4.0,4.0,Semi-Furnished
"Furnished 4bdrm Duplex in Eneka Rd Rukpokwu, Port-Harcourt for sale","Rivers State, Port-Harcourt",Port-Harcourt,Rivers State,180000000.0,enterprise,470.0,4.0,4.0,Furnished
"4bdrm Duplex in Rumuodara, Port-Harcourt for sale","Rivers State, Port-Harcourt",Port-Harcourt,Rivers State,250000000.0,enterprise,680.0,4.0,4.0,Semi-Furnished
"Furnished 4bdrm Bungalow in Baba Estate, Port-Harcourt for sale","Rivers State, Port-Harcourt",Port-Harcourt,Rivers State,100000000.0,enterprise,988.0,4.0,5.0,Furnished
"4bdrm Duplex in Mopol 19 Gra, Port-Harcourt for sale","Rivers State, Port-Harcourt",Port-Harcourt,Rivers State,450000000.0,enterprise,689.0,4.0,4.0,Semi-Furnished
Furnished 4bdrm Duplex in Woji Port Harcourt for sale,"Rivers State, Port-Harcourt",Port-Harcourt,Rivers State,160000000.0,enterprise,465.0,4.0,5.0,Furnished
"4bdrm Duplex in Sars Rd Ph, Port-Harcourt for sale","Rivers State, Port-Harcourt",Port-Harcourt,Rivers State,130000000.0,enterprise,469.0,4.0,4.0,Semi-Furnished
"2bdrm Apartment in Fha By Premiere, Lugbe District for sale","Abuja (FCT), Lugbe District",Lugbe District,Abuja (FCT),75000000.0,enterprise,1200.0,2.0,3.0,Unfurnished
"Furnished 6bdrm Bungalow in Sally Best, Lugbe District for sale","Abuja (FCT), Lugbe District",Lugbe District,Abuja (FCT),400000000.0,enterprise,450.0,6.0,7.0,Furnished
"2bdrm Apartment in River Park Estate, Lugbe District for sale","Abuja (FCT), Lugbe District",Lugbe District,Abuja (FCT),90000000.0,enterprise,200.0,2.0,3.0,Unfurnished
7bdrm Mansion in Katampe Extension for sale,"Katampe, Katampe Extension",Katampe Extension,Katampe,2600000000.0,enterprise,2200.0,7.0,5.0,Semi-Furnished
5bdrm Duplex in Wuye District for sale,"Abuja (FCT), Wuye",Wuye,Abuja (FCT),1000000000.0,enterprise,,5.0,5.0,Unfurnished
"Furnished 4bdrm Duplex in Gwarimpa Abuja, Gwarinpa for sale","Abuja (FCT), Gwarinpa",Gwarinpa,Abuja (FCT),380000000.0,enterprise,500.0,4.0,5.0,Furnished
"3bdrm Bungalow in Ogbogoro Unity, Port-Harcourt for sale","Rivers State, Port-Harcourt",Port-Harcourt,Rivers State,45000000.0,enterprise,465.0,3.0,3.0,Semi-Furnished
"Furnished 5bdrm Duplex in Alajih Estate Off, Port-Harcourt for sale","Rivers State, Port-Harcourt",Port-Harcourt,Rivers State,250000000.0,enterprise,1395.0,5.0,5.0,Furnished
4bdrm Duplex in Eliparawo Off Egbelu for sale,"Rivers State, Port-Harcourt",Port-Harcourt,Rivers State,95000000.0,enterprise,460.0,4.0,5.0,Semi-Furnished
"3bdrm Block of Flats in Akar Rd Ph, Port-Harcourt for sale","Rivers State, Port-Harcourt",Port-Harcourt,Rivers State,120000000.0,enterprise,698.0,3.0,2.0,Semi-Furnished
"2bdrm Block of Flats in Prime Estate Off, Port-Harcourt for sale","Rivers State, Port-Harcourt",Port-Harcourt,Rivers State,60000000.0,enterprise,490.0,2.0,1.0,Semi-Furnished
"4bdrm Duplex in Mshel, Lugbe District for sale","Abuja (FCT), Lugbe District",Lugbe District,Abuja (FCT),160000000.0,enterprise,550.0,4.0,5.0,Unfurnished
"5bdrm Duplex in Sun Rise Estate...., Lugbe District for sale","Abuja (FCT), Lugbe District",Lugbe District,Abuja (FCT),255000000.0,enterprise,550.0,5.0,6.0,Unfurnished
"3bdrm Apartment in Kabusa Gardens, Dakwo District for sale","Abuja (FCT), Dakwo District",Dakwo District,Abuja (FCT),160000000.0,enterprise,250.0,3.0,4.0,Unfurnished
"3bdrm Apartment in Adeniyi Jones, Ikeja for sale","Lagos State, Ikeja",Ikeja,Lagos State,300000000.0,premium,2200.0,3.0,3.0,Semi-Furnished
"5bdrm Duplex in Efab Metropolis, Gwarinpa for sale","Abuja (FCT), Gwarinpa",Gwarinpa,Abuja (FCT),500000000.0,enterprise,800.0,5.0,5.0,Unfurnished
4bdrm Duplex in Guzape Main Abuja for sale,"Abuja (FCT), Guzape District",Guzape District,Abuja (FCT),320000000.0,enterprise,2000.0,4.0,5.0,Semi-Furnished
"3bdrm Bungalow in Efab Queens Estate, Gwarinpa for sale","Abuja (FCT), Gwarinpa",Gwarinpa,Abuja (FCT),200000000.0,enterprise,530.0,3.0,4.0,Semi-Furnished
"4bdrm Duplex in Mab Global Estate, Gwarinpa for sale","Abuja (FCT), Gwarinpa",Gwarinpa,Abuja (FCT),500000000.0,enterprise,750.0,4.0,5.0,Unfurnished
Furnished 8bdrm Duplex in Asokoro Main Abuja for sale,"Abuja (FCT), Asokoro",Asokoro,Abuja (FCT),4500000000.0,enterprise,1500.0,8.0,9.0,Furnished
8bdrm Mansion in Maitama Main Abuja for sale,"Abuja (FCT), Maitama",Maitama,Abuja (FCT),7000000000.0,enterprise,2000.0,8.0,9.0,Semi-Furnished
"4bdrm Duplex in Woji Ph, Port-Harcourt for sale","Rivers State, Port-Harcourt",Port-Harcourt,Rivers State,180000000.0,enterprise,469.0,4.0,4.0,Semi-Furnished
"2bdrm Bungalow in Aparalink Off Nta Rd, Port-Harcourt for sale","Rivers State, Port-Harcourt",Port-Harcourt,Rivers State,75000000.0,enterprise,320.0,2.0,2.0,Semi-Furnished
"4bdrm Duplex in Shell Estate Off, Port-Harcourt for sale","Rivers State, Port-Harcourt",Port-Harcourt,Rivers State,200000000.0,enterprise,430.0,4.0,4.0,Semi-Furnished
"4bdrm Duplex in Stadium Rd Ph, Port-Harcourt for sale","Rivers State, Port-Harcourt",Port-Harcourt,Rivers State,180000000.0,enterprise,989.0,4.0,4.0,Semi-Furnished
Furnished Mini Flat in Alakahia University for sale,"Rivers State, Port-Harcourt",Port-Harcourt,Rivers State,75000000.0,enterprise,460.0,1.0,1.0,Furnished
"Furnished 5bdrm Duplex in Saniabacha Gra, Port-Harcourt for sale","Rivers State, Port-Harcourt",Port-Harcourt,Rivers State,250000000.0,enterprise,689.0,5.0,5.0,Furnished
"Furnished 5bdrm Duplex in Tamber Estate Sars, Port-Harcourt for sale","Rivers State, Port-Harcourt",Port-Harcourt,Rivers State,100000000.0,enterprise,460.0,5.0,5.0,Furnished
"4bdrm Duplex in Corner Stone Off Nta, Port-Harcourt for sale","Rivers State, Port-Harcourt",Port-Harcourt,Rivers State,90000000.0,enterprise,480.0,4.0,4.0,Unfurnished
"3bdrm Bungalow in Rukpokwu, Port-Harcourt for sale","Rivers State, Port-Harcourt",Port-Harcourt,Rivers State,95000000.0,enterprise,460.0,3.0,3.0,Semi-Furnished
12bdrm Block of Flats in Garki for sale,"Jigawa State, Garki",Garki,Jigawa State,900000000.0,enterprise,1200.0,12.0,13.0,Unfurnished
"3bdrm Apartment in River Park Estate, Lugbe District for sale","Abuja (FCT), Lugbe District",Lugbe District,Abuja (FCT),100000000.0,enterprise,200.0,3.0,4.0,Unfurnished
4bdrm Townhouse/Terrace in Ikeja Gra for sale,"Ikeja, Ikeja GRA",Ikeja GRA,Ikeja,600000000.0,premium,2500.0,4.0,5.0,Semi-Furnished
"5bdrm Duplex in Efab Metropolis, Gwarinpa for sale","Abuja (FCT), Gwarinpa",Gwarinpa,Abuja (FCT),270000000.0,enterprise,,5.0,5.0,Unfurnished
4bdrm Duplex in Jabi Waterfront for sale,"Abuja (FCT), Jabi",Jabi,Abuja (FCT),650000000.0,enterprise,3000.0,4.0,5.0,Semi-Furnished
Furnished 4bdrm Duplex in Katampe Extension for sale,"Katampe, Katampe Extension",Katampe Extension,Katampe,500000000.0,enterprise,600.0,4.0,5.0,Furnished
5bdrm Duplex in Guzape Abuja for sale,"Abuja (FCT), Guzape District",Guzape District,Abuja (FCT),580000000.0,enterprise,500.0,5.0,5.0,Semi-Furnished
4bdrm Duplex in Gwarinpa By 2Nd for sale,"Abuja (FCT), Gwarinpa",Gwarinpa,Abuja (FCT),200000000.0,enterprise,1500.0,4.0,5.0,Semi-Furnished
Furnished 4bdrm Duplex in Guzape Main Abuja for sale,"Abuja (FCT), Guzape District",Guzape District,Abuja (FCT),350000000.0,enterprise,1800.0,4.0,5.0,Furnished
"4bdrm Duplex in Golden Town Estate, Port-Harcourt for sale","Rivers State, Port-Harcourt",Port-Harcourt,Rivers State,130000000.0,enterprise,350.0,4.0,4.0,Semi-Furnished
"2bdrm Apartment in Ameachi Rd Gra Ph, Port-Harcourt for sale","Rivers State, Port-Harcourt",Port-Harcourt,Rivers State,60000000.0,enterprise,440.0,2.0,2.0,Semi-Furnished
"Furnished 5bdrm Duplex in Cedar Wood Off Sars, Port-Harcourt for sale","Rivers State, Port-Harcourt",Port-Harcourt,Rivers State,500000000.0,enterprise,986.0,5.0,5.0,Furnished
"Furnished 3bdrm Block of Flats in New Road Estate, Port-Harcourt","Rivers State, Port-Harcourt",Port-Harcourt,Rivers State,95000000.0,enterprise,470.0,3.0,3.0,Furnished
"Furnished 4bdrm Duplex in Victory Estate, Port-Harcourt for sale","Rivers State, Port-Harcourt",Port-Harcourt,Rivers State,120000000.0,enterprise,650.0,4.0,5.0,Furnished
3bdrm Bungalow in Efab Queens Estate for sale,"Abuja (FCT), Gwarinpa",Gwarinpa,Abuja (FCT),190000000.0,enterprise,530.0,3.0,4.0,Semi-Furnished
5bdrm Duplex in Maitama Main Abuja for sale,"Abuja (FCT), Maitama",Maitama,Abuja (FCT),3500000000.0,enterprise,1200.0,5.0,6.0,Semi-Furnished
6bdrm Duplex in Guzape Abuja for sale,"Abuja (FCT), Guzape District",Guzape District,Abuja (FCT),1000000000.0,enterprise,600.0,6.0,7.0,Semi-Furnished
"4bdrm Duplex in New Road Extension, Port-Harcourt for sale","Rivers State, Port-Harcourt",Port-Harcourt,Rivers State,250000000.0,enterprise,350.0,4.0,4.0,Semi-Furnished
"2bdrm Block of Flats in Rumukwurushi New, Port-Harcourt for sale","Rivers State, Port-Harcourt",Port-Harcourt,Rivers State,110000000.0,enterprise,465.0,2.0,2.0,Semi-Furnished
"Furnished 4bdrm Bungalow in Omachi Estate, Port-Harcourt for sale","Rivers State, Port-Harcourt",Port-Harcourt,Rivers State,95000000.0,enterprise,420.0,4.0,4.0,Furnished
3bdrm Block of Flats in Igwurutali Airport for sale,"Rivers State, Port-Harcourt",Port-Harcourt,Rivers State,75000000.0,enterprise,460.0,3.0,3.0,Semi-Furnished
"Furnished 5bdrm Duplex in New Rd Exention Off, Port-Harcourt for sale","Rivers State, Port-Harcourt",Port-Harcourt,Rivers State,170000000.0,enterprise,560.0,5.0,5.0,Furnished
"Furnished 4bdrm Duplex in Abua Estate, Port-Harcourt for sale","Rivers State, Port-Harcourt",Port-Harcourt,Rivers State,280000000.0,enterprise,350.0,4.0,5.0,Furnished
"4bdrm Duplex in Ada George, Port-Harcourt for sale","Rivers State, Port-Harcourt",Port-Harcourt,Rivers State,150000000.0,enterprise,300.0,4.0,4.0,Semi-Furnished
"4bdrm Duplex in Sars Rd Ph, Port-Harcourt for sale","Rivers State, Port-Harcourt",Port-Harcourt,Rivers State,170000000.0,enterprise,420.0,4.0,4.0,Semi-Furnished
"4bdrm Bungalow in Ebony Rd Orazi, Port-Harcourt for sale","Rivers State, Port-Harcourt",Port-Harcourt,Rivers State,95000000.0,enterprise,910.0,4.0,4.0,Semi-Furnished
"5bdrm Duplex in Oro-Ekpo Off Ada, Port-Harcourt for sale","Rivers State, Port-Harcourt",Port-Harcourt,Rivers State,95000000.0,enterprise,469.0,5.0,5.0,Semi-Furnished
"3bdrm Block of Flats in Jesus Avenue Off Nta, Port-Harcourt for sale","Rivers State, Port-Harcourt",Port-Harcourt,Rivers State,60000000.0,enterprise,460.0,3.0,3.0,Semi-Furnished
"Furnished 4bdrm Bungalow in Igwuruta Ph, Port-Harcourt for sale","Rivers State, Port-Harcourt",Port-Harcourt,Rivers State,100000000.0,enterprise,468.0,4.0,4.0,Furnished
Furnished 5bdrm Duplex in Port-Harcourt for Sale,"Rivers State, Port-Harcourt",Port-Harcourt,Rivers State,150000000.0,enterprise,,5.0,5.0,Furnished
"Furnished 5bdrm Duplex in Gra, Port-Harcourt for sale","Rivers State, Port-Harcourt",Port-Harcourt,Rivers State,180000000.0,enterprise,490.0,5.0,5.0,Furnished
"4bdrm Duplex in Penthouse Estate, Lugbe District for sale","Abuja (FCT), Lugbe District",Lugbe District,Abuja (FCT),230000000.0,enterprise,550.0,4.0,5.0,Unfurnished
Furnished 4bdrm Duplex in Resettlement for sale,"Apo District, Apo Resettlement",Apo Resettlement,Apo District,450000000.0,enterprise,450.0,4.0,5.0,Furnished
"4bdrm Duplex in In An Estate, Road, Lugbe District for sale","Abuja (FCT), Lugbe District",Lugbe District,Abuja (FCT),135000000.0,enterprise,450.0,4.0,5.0,Unfurnished
4bdrm Duplex in Guzape Main Abuja for sale,"Abuja (FCT), Guzape District",Guzape District,Abuja (FCT),650000000.0,enterprise,600.0,4.0,5.0,Semi-Furnished
4bdrm Duplex in Guzape Abuja for sale,"Abuja (FCT), Guzape District",Guzape District,Abuja (FCT),400000000.0,enterprise,2000.0,4.0,5.0,Semi-Furnished
8bdrm Mansion in Guzape Abuja for sale,"Abuja (FCT), Guzape District",Guzape District,Abuja (FCT),3000000000.0,enterprise,3000.0,8.0,5.0,Semi-Furnished
5bdrm Duplex in Asokoro Main Abuja for sale,"Abuja (FCT), Asokoro",Asokoro,Abuja (FCT),1500000000.0,enterprise,600.0,5.0,6.0,Semi-Furnished
4bdrm Duplex in Jabi Abuja for sale,"Abuja (FCT), Jabi",Jabi,Abuja (FCT),350000000.0,enterprise,2000.0,4.0,5.0,Semi-Furnished
"Furnished 4bdrm Duplex in Peter Odili, Port-Harcourt for sale","Rivers State, Port-Harcourt",Port-Harcourt,Rivers State,270000000.0,enterprise,465.0,4.0,4.0,Furnished
5bdrm Duplex in Port-Harcourt for sale,"Rivers State, Port-Harcourt",Port-Harcourt,Rivers State,180000000.0,enterprise,659.0,5.0,5.0,Semi-Furnished
"Furnished 4bdrm Duplex in Peace Estate Off, Port-Harcourt for sale","Rivers State, Port-Harcourt",Port-Harcourt,Rivers State,200000000.0,enterprise,560.0,4.0,4.0,Furnished
"Furnished 4bdrm Bungalow in New Rd Estate Off, Port-Harcourt for sale","Rivers State, Port-Harcourt",Port-Harcourt,Rivers State,80000000.0,enterprise,940.0,4.0,5.0,Furnished
"Furnished 4bdrm Duplex in Happy, Port-Harcourt for sale","Rivers State, Port-Harcourt",Port-Harcourt,Rivers State,90000000.0,enterprise,420.0,4.0,5.0,Furnished
"4bdrm Duplex in Back Of Gtbank, Port-Harcourt for sale","Rivers State, Port-Harcourt",Port-Harcourt,Rivers State,65000000.0,enterprise,450.0,4.0,5.0,Unfurnished
3bdrm Apartment in Kado for sale,"Abuja (FCT), Kado",Kado,Abuja (FCT),180000000.0,enterprise,250.0,3.0,4.0,Unfurnished
6bdrm Duplex in Guzape Diplomatic for sale,"Abuja (FCT), Guzape District",Guzape District,Abuja (FCT),1200000000.0,enterprise,800.0,6.0,7.0,Semi-Furnished
5bdrm Duplex in Apo Resettlement for sale,"Apo District, Apo Resettlement",Apo Resettlement,Apo District,550000000.0,enterprise,800.0,5.0,5.0,Semi-Furnished
6bdrm Duplex in Maitama Main Abuja for sale,"Abuja (FCT), Maitama",Maitama,Abuja (FCT),1500000000.0,enterprise,700.0,6.0,7.0,Semi-Furnished
"Furnished 6bdrm Duplex in Gwarimpa Estate, Gwarinpa for sale","Abuja (FCT), Gwarinpa",Gwarinpa,Abuja (FCT),800000000.0,enterprise,1600.0,6.0,5.0,Furnished
4bdrm Duplex in Dawaki By News for sale,"Gwarinpa, Dawaki",Dawaki,Gwarinpa,300000000.0,enterprise,,4.0,5.0,Unfurnished
"7bdrm Block of Flats in Amazing Grace, Ado-Odo/Ota for sale","Ogun State, Ado-Odo/Ota",Ado-Odo/Ota,Ogun State,20000000.0,False,400.0,7.0,6.0,Unfurnished
4bdrm Duplex in Jahi By Gilmore for sale,"Abuja (FCT), Jahi",Jahi,Abuja (FCT),350000000.0,enterprise,,4.0,5.0,Unfurnished
5bdrm Duplex in Guzape Main Abuja for sale,"Abuja (FCT), Guzape District",Guzape District,Abuja (FCT),350000000.0,enterprise,500.0,5.0,6.0,Unfurnished
Furnished 3bdrm Bungalow in Citec Mbora District for sale,"Abuja (FCT), Mbora",Mbora,Abuja (FCT),200000000.0,enterprise,,3.0,4.0,Furnished
"3bdrm Bungalow in Omachi Estate Off, Port-Harcourt for sale","Rivers State, Port-Harcourt",Port-Harcourt,Rivers State,90000000.0,enterprise,369.0,3.0,3.0,Semi-Furnished
"3bdrm Bungalow in Akar Rd Off Iwofe, Port-Harcourt for sale","Rivers State, Port-Harcourt",Port-Harcourt,Rivers State,60000000.0,enterprise,460.0,3.0,4.0,Semi-Furnished
4bdrm Duplex in Port-Harcourt for sale,"Rivers State, Port-Harcourt",Port-Harcourt,Rivers State,220000000.0,enterprise,280.0,4.0,4.0,Semi-Furnished
"3bdrm Bungalow in Tocki Hotel Rd Off, Port-Harcourt for Sale","Rivers State, Port-Harcourt",Port-Harcourt,Rivers State,150000000.0,enterprise,1840.0,3.0,3.0,Semi-Furnished
"5bdrm Duplex in Opposite Dominion, Port-Harcourt for sale","Rivers State, Port-Harcourt",Port-Harcourt,Rivers State,95000000.0,enterprise,980.0,5.0,5.0,Semi-Furnished
"6bdrm Duplex in Nkpolu Rumuigbo, Port-Harcourt for sale","Rivers State, Port-Harcourt",Port-Harcourt,Rivers State,95000000.0,enterprise,540.0,6.0,6.0,Semi-Furnished
6bdrm Duplex in In An Estate At for sale,"Abuja (FCT), Lugbe District",Lugbe District,Abuja (FCT),130000000.0,enterprise,450.0,6.0,7.0,Unfurnished
5bdrm Duplex in Lokogoma for sale,"Abuja (FCT), Lokogoma",Lokogoma,Abuja (FCT),650000000.0,enterprise,550.0,5.0,6.0,Unfurnished
"4bdrm Duplex in Summit Estate, Lugbe District for sale","Abuja (FCT), Lugbe District",Lugbe District,Abuja (FCT),195000000.0,enterprise,500.0,4.0,5.0,Unfurnished
5bdrm Duplex in Guzape for sale,"Abuja (FCT), Guzape District",Guzape District,Abuja (FCT),550000000.0,enterprise,500.0,5.0,5.0,Semi-Furnished
9bdrm Mansion in Asokoro Main Abuja for sale,"Abuja (FCT), Asokoro",Asokoro,Abuja (FCT),4000000000.0,enterprise,2300.0,9.0,5.0,Semi-Furnished
"Furnished 4bdrm Duplex in Guzape/Asokoro, for sale","Abuja (FCT), Guzape District",Guzape District,Abuja (FCT),850000000.0,enterprise,650.0,4.0,5.0,Furnished
"Furnished 4bdrm Duplex in Mandala Estate, Port-Harcourt for sale","Rivers State, Port-Harcourt",Port-Harcourt,Rivers State,165000000.0,enterprise,465.0,4.0,4.0,Furnished
5bdrm Duplex in Rainbow Estate Trans for sale,"Rivers State, Port-Harcourt",Port-Harcourt,Rivers State,260000000.0,enterprise,650.0,5.0,5.0,Semi-Furnished
"4bdrm Duplex in Shell Co Operative, Port-Harcourt for sale","Rivers State, Port-Harcourt",Port-Harcourt,Rivers State,220000000.0,enterprise,469.0,4.0,4.0,Semi-Furnished
"4bdrm Duplex in Lekki Garden Eliozu, Port-Harcourt for sale","Rivers State, Port-Harcourt",Port-Harcourt,Rivers State,90000000.0,enterprise,298.0,4.0,4.0,Semi-Furnished
"4bdrm Duplex in Akwaka Off, Port-Harcourt for sale","Rivers State, Port-Harcourt",Port-Harcourt,Rivers State,175000000.0,enterprise,231.0,4.0,4.0,Semi-Furnished
"2bdrm Block of Flats in Rumuduru, Port-Harcourt for sale","Rivers State, Port-Harcourt",Port-Harcourt,Rivers State,85000000.0,enterprise,460.0,2.0,3.0,Semi-Furnished
"2bdrm Block of Flats in Sars Rd, Port-Harcourt for sale","Rivers State, Port-Harcourt",Port-Harcourt,Rivers State,80000000.0,enterprise,869.0,2.0,2.0,Semi-Furnished
"4bdrm Bungalow in Chike Street Off Nta, Port-Harcourt for sale","Rivers State, Port-Harcourt",Port-Harcourt,Rivers State,95000000.0,enterprise,460.0,4.0,4.0,Semi-Furnished
"5bdrm Duplex in Minister Hill Axis, Maitama for sale","Abuja (FCT), Maitama",Maitama,Abuja (FCT),2000000000.0,enterprise,550.0,5.0,6.0,Unfurnished
10bdrm Mansion in Asokoro Main for sale,"Abuja (FCT), Asokoro",Asokoro,Abuja (FCT),4700000000.0,enterprise,1800.0,10.0,5.0,Semi-Furnished
5bdrm Duplex in Guzape Abuja for sale,"Abuja (FCT), Guzape District",Guzape District,Abuja (FCT),620000000.0,enterprise,2000.0,5.0,6.0,Semi-Furnished
5bdrm Duplex in Life Camp By Godab for sale,"Gwarinpa, Life Camp",Life Camp,Gwarinpa,400000000.0,enterprise,750.0,5.0,6.0,Semi-Furnished
Furnished 5bdrm Duplex in Guzape Main Abuja for sale,"Abuja (FCT), Guzape District",Guzape District,Abuja (FCT),2500000000.0,enterprise,1832.0,5.0,6.0,Furnished
4bdrm Duplex in Guzape for sale,"Abuja (FCT), Guzape District",Guzape District,Abuja (FCT),400000000.0,enterprise,,4.0,5.0,Semi-Furnished
3bdrm Duplex in Jahi By Gilmore for sale,"Abuja (FCT), Jahi",Jahi,Abuja (FCT),450000000.0,enterprise,2000.0,3.0,4.0,Semi-Furnished
Furnished 3bdrm Bungalow in Bwari for sale,"Abuja (FCT), Bwari",Bwari,Abuja (FCT),20000000.0,premium,700.0,3.0,4.0,Furnished
"3bdrm Bungalow in Rukpokwu, Port-Harcourt for sale","Rivers State, Port-Harcourt",Port-Harcourt,Rivers State,50000000.0,enterprise,421.0,3.0,3.0,Semi-Furnished
"3bdrm Bungalow in Royal Estate Off, Port-Harcourt for sale","Rivers State, Port-Harcourt",Port-Harcourt,Rivers State,65000000.0,enterprise,468.0,3.0,3.0,Unfurnished
"Furnished 5bdrm Duplex in Peter Odili, Port-Harcourt for sale","Rivers State, Port-Harcourt",Port-Harcourt,Rivers State,250000000.0,enterprise,568.0,5.0,5.0,Furnished
"1bdrm Block of Flats in Rukpokwu Ph, Port-Harcourt for sale","Rivers State, Port-Harcourt",Port-Harcourt,Rivers State,38000000.0,enterprise,469.0,1.0,1.0,Semi-Furnished
"Furnished 4bdrm Duplex in Nkpolu Runuigbo Ph, Port-Harcourt for sale","Rivers State, Port-Harcourt",Port-Harcourt,Rivers State,90000000.0,enterprise,5000.0,4.0,5.0,Furnished
"Furnished 1bdrm Block of Flats in Chinda Street Off, Port-Harcourt","Rivers State, Port-Harcourt",Port-Harcourt,Rivers State,95000000.0,enterprise,420.0,1.0,2.0,Furnished
"2bdrm Block of Flats in Egbelu Off, Port-Harcourt for sale","Rivers State, Port-Harcourt",Port-Harcourt,Rivers State,120000000.0,enterprise,569.0,2.0,2.0,Semi-Furnished
"4bdrm Duplex in Rukpokwu Ph, Port-Harcourt for sale","Rivers State, Port-Harcourt",Port-Harcourt,Rivers State,200000000.0,enterprise,490.0,4.0,5.0,Semi-Furnished
"Furnished 3bdrm Block of Flats in Hosenna Estate, Port-Harcourt","Rivers State, Port-Harcourt",Port-Harcourt,Rivers State,80000000.0,enterprise,465.0,3.0,4.0,Furnished
"3bdrm Apartment in Dma Estate, Lokogoma for sale","Abuja (FCT), Lokogoma",Lokogoma,Abuja (FCT),140000000.0,enterprise,800.0,3.0,4.0,Unfurnished
"5bdrm Duplex in River Park Estate, Lugbe District for sale","Abuja (FCT), Lugbe District",Lugbe District,Abuja (FCT),320000000.0,enterprise,600.0,5.0,6.0,Unfurnished
Furnished 2bdrm Bungalow in Ushafa for sale,"Bwari, Ushafa",Ushafa,Bwari,14000000.0,premium,450.0,2.0,3.0,Furnished
2bdrm Duplex in Kubwa Abuja for sale,"Abuja (FCT), Kubwa",Kubwa,Abuja (FCT),85000000.0,enterprise,700.0,2.0,3.0,Semi-Furnished
5bdrm Duplex in Guzape Abuja for sale,"Abuja (FCT), Guzape District",Guzape District,Abuja (FCT),400000000.0,enterprise,2000.0,5.0,6.0,Semi-Furnished
Furnished 4bdrm Duplex in Guzape Abuja for sale,"Abuja (FCT), Guzape District",Guzape District,Abuja (FCT),350000000.0,enterprise,1800.0,4.0,5.0,Furnished
"6bdrm Duplex in Efab Metropolis, Gwarinpa for sale","Abuja (FCT), Gwarinpa",Gwarinpa,Abuja (FCT),350000000.0,enterprise,800.0,6.0,5.0,Semi-Furnished
7bdrm Duplex in Asokoro Abuja for sale,"Abuja (FCT), Asokoro",Asokoro,Abuja (FCT),2000000000.0,enterprise,,7.0,5.0,Unfurnished
"Furnished 3bdrm Block of Flats in New Road Extension, Port-Harcourt","Rivers State, Port-Harcourt",Port-Harcourt,Rivers State,150000000.0,enterprise,490.0,3.0,3.0,Furnished
"1bdrm Block of Flats in Shell Co Operative, Port-Harcourt for sale","Rivers State, Port-Harcourt",Port-Harcourt,Rivers State,85000000.0,enterprise,498.0,1.0,1.0,Semi-Furnished
"6bdrm Duplex in Peter Odili, Port-Harcourt for sale","Rivers State, Port-Harcourt",Port-Harcourt,Rivers State,270000000.0,enterprise,820.0,6.0,6.0,Semi-Furnished
"4bdrm Duplex in Rumuduru, Port-Harcourt for sale","Rivers State, Port-Harcourt",Port-Harcourt,Rivers State,75000000.0,enterprise,5000.0,4.0,4.0,Semi-Furnished
"3bdrm Block of Flats in New Road Off Ada, Port-Harcourt for sale","Rivers State, Port-Harcourt",Port-Harcourt,Rivers State,60000000.0,enterprise,860.0,3.0,3.0,Semi-Furnished
"Furnished 3bdrm Duplex in Sun City Garden, Port-Harcourt for sale","Rivers State, Port-Harcourt",Port-Harcourt,Rivers State,90000000.0,enterprise,430.0,3.0,4.0,Furnished
"Furnished 4bdrm Duplex in Rumughaolu, Port-Harcourt for sale","Rivers State, Port-Harcourt",Port-Harcourt,Rivers State,150000000.0,enterprise,465.0,4.0,4.0,Furnished
"Furnished 4bdrm Duplex in Sars Road, Port-Harcourt for sale","Rivers State, Port-Harcourt",Port-Harcourt,Rivers State,150000000.0,enterprise,465.0,4.0,5.0,Furnished
Furnished 4bdrm Bungalow in Eliozu Port Harcourt for sale,"Rivers State, Port-Harcourt",Port-Harcourt,Rivers State,120000000.0,enterprise,460.0,4.0,5.0,Furnished
"Furnished 6bdrm Duplex in Mercyland P/H, Port-Harcourt for sale","Rivers State, Port-Harcourt",Port-Harcourt,Rivers State,280000000.0,enterprise,465.0,6.0,6.0,Furnished
"5bdrm Mansion in Light House, Lugbe District for sale","Abuja (FCT), Lugbe District",Lugbe District,Abuja (FCT),450000000.0,enterprise,550.0,5.0,6.0,Semi-Furnished
Furnished 5bdrm Duplex in Guzape Abuja for sale,"Abuja (FCT), Guzape District",Guzape District,Abuja (FCT),700000000.0,enterprise,800.0,5.0,6.0,Furnished
5bdrm Duplex in Katampe Extension for sale,"Katampe, Katampe Extension",Katampe Extension,Katampe,1000000000.0,enterprise,500.0,5.0,6.0,Semi-Furnished
5bdrm Duplex in Apo Resettlement for sale,"Apo District, Apo Resettlement",Apo Resettlement,Apo District,500000000.0,enterprise,1078.0,5.0,6.0,Semi-Furnished
6bdrm Duplex in Nexttime Estate Off for sale,"Port-Harcourt, GRA Phase 3 / Port-Harcourt",GRA Phase 3 / Port-Harcourt,Port-Harcourt,550000000.0,enterprise,982.0,6.0,6.0,Semi-Furnished
5bdrm Duplex in Eneka Port Harcourt for sale,"Rivers State, Port-Harcourt",Port-Harcourt,Rivers State,100000000.0,enterprise,465.0,5.0,5.0,Semi-Furnished
"Furnished 4bdrm Duplex in Runuodara, Port-Harcourt for sale","Rivers State, Port-Harcourt",Port-Harcourt,Rivers State,150000000.0,enterprise,560.0,4.0,5.0,Furnished
"1bdrm Block of Flats in Pipeline Rd Ozuoba, Port-Harcourt for sale","Rivers State, Port-Harcourt",Port-Harcourt,Rivers State,75000000.0,enterprise,450.0,1.0,2.0,Semi-Furnished
"4bdrm Duplex in Corner Stone Ozuoba, Port-Harcourt for sale","Rivers State, Port-Harcourt",Port-Harcourt,Rivers State,130000000.0,enterprise,340.0,4.0,4.0,Semi-Furnished
"Furnished 4bdrm Duplex in Shell Co Operative , Port-Harcourt for sale","Rivers State, Port-Harcourt",Port-Harcourt,Rivers State,300000000.0,enterprise,470.0,4.0,4.0,Furnished
"Furnished 5bdrm Duplex in Shell Co Operative, Port-Harcourt for sale","Rivers State, Port-Harcourt",Port-Harcourt,Rivers State,180000000.0,enterprise,650.0,5.0,5.0,Furnished
"Furnished 3bdrm Bungalow in Umulu Eneka, Port-Harcourt for sale","Rivers State, Port-Harcourt",Port-Harcourt,Rivers State,75000000.0,enterprise,980.0,3.0,3.0,Furnished
"5bdrm Mansion in Lokogoma, Dakwo District for sale","Abuja (FCT), Dakwo District",Dakwo District,Abuja (FCT),500000000.0,enterprise,700.0,5.0,6.0,Unfurnished
4bdrm Duplex in Jahi for sale,"Abuja (FCT), Jahi",Jahi,Abuja (FCT),260000000.0,enterprise,350.0,4.0,5.0,Unfurnished
"4bdrm Duplex in Close To Mshel, Lugbe District for sale","Abuja (FCT), Lugbe District",Lugbe District,Abuja (FCT),30000000.0,enterprise,350.0,4.0,5.0,Unfurnished
"4bdrm Duplex in Knowledge Court, Galadimawa for sale","Abuja (FCT), Galadimawa",Galadimawa,Abuja (FCT),400000000.0,enterprise,450.0,4.0,5.0,Unfurnished
9bdrm Mansion in Guzape Main Abuja for sale,"Abuja (FCT), Guzape District",Guzape District,Abuja (FCT),4500000000.0,enterprise,2200.0,9.0,10.0,Semi-Furnished
4bdrm Duplex in Guzape Main Abuja for sale,"Abuja (FCT), Guzape District",Guzape District,Abuja (FCT),350000000.0,enterprise,1800.0,4.0,5.0,Semi-Furnished
Furnished 5bdrm Mansion in Katampe Extension for sale,"Katampe, Katampe Extension",Katampe Extension,Katampe,2500000000.0,enterprise,2200.0,5.0,6.0,Furnished
Furnished 5bdrm Duplex in Guzape Abuja for sale,"Abuja (FCT), Guzape District",Guzape District,Abuja (FCT),500000000.0,enterprise,300.0,5.0,5.0,Furnished
"Furnished 3bdrm Bungalow in Nddc Army Range Off, Port-Harcourt for sale","Rivers State, Port-Harcourt",Port-Harcourt,Rivers State,85000000.0,enterprise,520.0,3.0,3.0,Furnished
"4bdrm Duplex in Paradise Estate, Port-Harcourt for sale","Rivers State, Port-Harcourt",Port-Harcourt,Rivers State,170000000.0,enterprise,469.0,4.0,4.0,Semi-Furnished
Furnished 4bdrm Bungalow in Agip Estate Port for sale,"Rivers State, Port-Harcourt",Port-Harcourt,Rivers State,120000000.0,enterprise,460.0,4.0,4.0,Furnished
"5bdrm Duplex in Eagle Ireland Estate, GRA Phase 1 / Port-Harcourt","Port-Harcourt, GRA Phase 1 / Port-Harcourt",GRA Phase 1 / Port-Harcourt,Port-Harcourt,290000000.0,enterprise,465.0,5.0,5.0,Semi-Furnished
"3bdrm Bungalow in Egbelu Ogbogoro Rd, Port-Harcourt for sale","Rivers State, Port-Harcourt",Port-Harcourt,Rivers State,120000000.0,enterprise,470.0,3.0,3.0,Semi-Furnished
3bdrm Bungalow in Iwofe Rd Port for sale,"Rivers State, Port-Harcourt",Port-Harcourt,Rivers State,38000000.0,enterprise,470.0,3.0,3.0,Semi-Furnished
"5bdrm Duplex in Rumuodara, Port-Harcourt for sale","Rivers State, Port-Harcourt",Port-Harcourt,Rivers State,250000000.0,enterprise,680.0,5.0,5.0,Semi-Furnished
"4bdrm Duplex in Woji P/H, Port-Harcourt for sale","Rivers State, Port-Harcourt",Port-Harcourt,Rivers State,200000000.0,enterprise,350.0,4.0,4.0,Semi-Furnished
"4bdrm Duplex in Joy Estate, Lugbe District for sale","Abuja (FCT), Lugbe District",Lugbe District,Abuja (FCT),165000000.0,enterprise,400.0,4.0,5.0,Unfurnished
"5bdrm Duplex in Efab Metropolis, Gwarinpa for sale","Abuja (FCT), Gwarinpa",Gwarinpa,Abuja (FCT),500000000.0,enterprise,850.0,5.0,5.0,Semi-Furnished
5bdrm Duplex in Guzape Abuja for sale,"Abuja (FCT), Guzape District",Guzape District,Abuja (FCT),750000000.0,enterprise,700.0,5.0,5.0,Semi-Furnished
5bdrm Duplex in Katampe Extension for sale,"Katampe, Katampe Extension",Katampe Extension,Katampe,1000000000.0,enterprise,800.0,5.0,6.0,Semi-Furnished
"Furnished 2bdrm Apartment in Golf Estate, Port-Harcourt for sale","Rivers State, Port-Harcourt",Port-Harcourt,Rivers State,85000000.0,enterprise,1989.0,2.0,2.0,Furnished
"Furnished 4bdrm Duplex in Pearl Garden Estate, Port-Harcourt for sale","Rivers State, Port-Harcourt",Port-Harcourt,Rivers State,350000000.0,enterprise,469.0,4.0,4.0,Furnished
"Furnished 4bdrm Duplex in Royal Estate Elimgbu, Port-Harcourt for sale","Rivers State, Port-Harcourt",Port-Harcourt,Rivers State,185000000.0,enterprise,530.0,4.0,4.0,Furnished
"5bdrm Duplex in Majesty Estate Off, Port-Harcourt for sale","Rivers State, Port-Harcourt",Port-Harcourt,Rivers State,160000000.0,enterprise,500.0,5.0,5.0,Semi-Furnished
"3bdrm Block of Flats in Eliozu, Port-Harcourt for sale","Rivers State, Port-Harcourt",Port-Harcourt,Rivers State,150000000.0,enterprise,490.0,3.0,3.0,Semi-Furnished
"4bdrm Block of Flats in Shedrack Estate Off, Port-Harcourt for sale","Rivers State, Port-Harcourt",Port-Harcourt,Rivers State,75000000.0,enterprise,480.0,4.0,4.0,Semi-Furnished
"2bdrm Apartment in Peter Odili, Port-Harcourt for sale","Rivers State, Port-Harcourt",Port-Harcourt,Rivers State,75000000.0,enterprise,225.0,2.0,2.0,Semi-Furnished
"Furnished 5bdrm Duplex in Reef Court, Port-Harcourt for sale","Rivers State, Port-Harcourt",Port-Harcourt,Rivers State,350000000.0,enterprise,569.0,5.0,5.0,Furnished
"4bdrm Duplex in River Park Estate, Lugbe District for sale","Abuja (FCT), Lugbe District",Lugbe District,Abuja (FCT),170000000.0,enterprise,450.0,4.0,5.0,Unfurnished
3bdrm Apartment in Wuye Abuja for sale,"Abuja (FCT), Wuye",Wuye,Abuja (FCT),150000000.0,enterprise,2500.0,3.0,3.0,Unfurnished
7bdrm Duplex in Efab Metropolis for sale,"Abuja (FCT), Gwarinpa",Gwarinpa,Abuja (FCT),500000000.0,enterprise,850.0,7.0,8.0,Semi-Furnished
"Furnished 5bdrm Duplex in Efab Metropolis, Gwarinpa for sale","Abuja (FCT), Gwarinpa",Gwarinpa,Abuja (FCT),380000000.0,enterprise,750.0,5.0,5.0,Furnished
"Furnished 3bdrm Duplex in Shell Co Operative, Port-Harcourt for sale","Rivers State, Port-Harcourt",Port-Harcourt,Rivers State,250000000.0,enterprise,420.0,3.0,3.0,Furnished
"4bdrm Duplex in Shell Co Operative, Port-Harcourt for sale","Rivers State, Port-Harcourt",Port-Harcourt,Rivers State,250000000.0,enterprise,430.0,4.0,4.0,Semi-Furnished
"Furnished 5bdrm Bungalow in Rumuewhara Estate, Port-Harcourt for sale","Rivers State, Port-Harcourt",Port-Harcourt,Rivers State,120000000.0,enterprise,680.0,5.0,5.0,Furnished
"4bdrm Duplex in Eliozu Ph, Port-Harcourt for sale","Rivers State, Port-Harcourt",Port-Harcourt,Rivers State,140000000.0,enterprise,980.0,4.0,4.0,Semi-Furnished
"2bdrm Block of Flats in Odani Elelewon Ph, Port-Harcourt for sale","Rivers State, Port-Harcourt",Port-Harcourt,Rivers State,75000000.0,enterprise,460.0,2.0,2.0,Semi-Furnished
"1bdrm Block of Flats in Iwofe Rd Ph, Port-Harcourt for sale","Rivers State, Port-Harcourt",Port-Harcourt,Rivers State,65000000.0,enterprise,890.0,1.0,1.0,Unfurnished
4bdrm Bungalow in Akwaka Estate Off for sale,"Rivers State, Port-Harcourt",Port-Harcourt,Rivers State,65000000.0,enterprise,500.0,4.0,5.0,Semi-Furnished
"2bdrm Block of Flats in Ada George, Port-Harcourt for sale","Rivers State, Port-Harcourt",Port-Harcourt,Rivers State,100000000.0,enterprise,465.0,2.0,2.0,Semi-Furnished
"5bdrm Duplex in Trafford Villa, Lugbe District for sale","Abuja (FCT), Lugbe District",Lugbe District,Abuja (FCT),165000000.0,enterprise,450.0,5.0,6.0,Unfurnished
5bdrm Duplex in Asokoro Abuja for sale,"Abuja (FCT), Asokoro",Asokoro,Abuja (FCT),1500000000.0,enterprise,2000.0,5.0,5.0,Semi-Furnished
7bdrm Duplex in Maitama Main for sale,"Abuja (FCT), Maitama",Maitama,Abuja (FCT),3000000000.0,enterprise,1500.0,7.0,5.0,Semi-Furnished
"7bdrm Duplex in Harmony Estate Off, Port-Harcourt for sale","Rivers State, Port-Harcourt",Port-Harcourt,Rivers State,700000000.0,enterprise,530.0,7.0,7.0,Semi-Furnished
"4bdrm Bungalow in Rukpokwu, Port-Harcourt for sale","Rivers State, Port-Harcourt",Port-Harcourt,Rivers State,75000000.0,enterprise,290.0,4.0,4.0,Semi-Furnished
"3bdrm Bungalow in Omachi Estate Off, Port-Harcourt for sale","Rivers State, Port-Harcourt",Port-Harcourt,Rivers State,90000000.0,enterprise,342.0,3.0,3.0,Semi-Furnished
"Furnished 3bdrm Block of Flats in Akar Rd Off Iwofe, Port-Harcourt","Rivers State, Port-Harcourt",Port-Harcourt,Rivers State,65000000.0,enterprise,780.0,3.0,3.0,Furnished
"Furnished 3bdrm Bungalow in Igwuruta, Port-Harcourt for sale","Rivers State, Port-Harcourt",Port-Harcourt,Rivers State,100000000.0,enterprise,468.0,3.0,3.0,Furnished
"Furnished 2bdrm Block of Flats in Queen Park Estate, Port-Harcourt","Rivers State, Port-Harcourt",Port-Harcourt,Rivers State,75000000.0,enterprise,980.0,2.0,2.0,Furnished
"3bdrm Duplex in Somitel Estate Off, Port-Harcourt for sale","Rivers State, Port-Harcourt",Port-Harcourt,Rivers State,170000000.0,enterprise,320.0,3.0,3.0,Semi-Furnished
4bdrm Duplex in Port-Harcourt for sale,"Rivers State, Port-Harcourt",Port-Harcourt,Rivers State,160000000.0,enterprise,460.0,4.0,5.0,Semi-Furnished
2bdrm Block of Flats in Woji Port Harcourt for sale,"Rivers State, Port-Harcourt",Port-Harcourt,Rivers State,120000000.0,enterprise,680.0,2.0,2.0,Semi-Furnished
"2bdrm Block of Flats in Model Hotel Estate, Port-Harcourt for sale","Rivers State, Port-Harcourt",Port-Harcourt,Rivers State,160000000.0,enterprise,689.0,2.0,2.0,Semi-Furnished
"Furnished 4bdrm Duplex in Gra Ph, Port-Harcourt for sale","Rivers State, Port-Harcourt",Port-Harcourt,Rivers State,300000000.0,enterprise,450.0,4.0,4.0,Furnished
"5bdrm Duplex in Leisure Court, Lugbe for sale","Abuja (FCT), Lugbe District",Lugbe District,Abuja (FCT),80000000.0,enterprise,500.0,5.0,6.0,Unfurnished
3bdrm Apartment in Jahi Gilmor for sale,"Abuja (FCT), Jahi",Jahi,Abuja (FCT),155000000.0,enterprise,200.0,3.0,4.0,Unfurnished
"3bdrm Bungalow in Fha, Lugbe for sale","Abuja (FCT), Lugbe District",Lugbe District,Abuja (FCT),100000000.0,enterprise,700.0,3.0,4.0,Unfurnished
"3bdrm Duplex in River Park Estate, for sale","Abuja (FCT), Lugbe District",Lugbe District,Abuja (FCT),240000000.0,enterprise,400.0,3.0,4.0,Unfurnished
5bdrm Duplex in App Resettlement for sale,"Apo District, Apo Resettlement",Apo Resettlement,Apo District,450000000.0,enterprise,570.0,5.0,6.0,Semi-Furnished
Furnished 6bdrm Duplex in Katampe Extension for sale,"Katampe, Katampe Extension",Katampe Extension,Katampe,3000000000.0,enterprise,,6.0,5.0,Furnished
4bdrm Duplex in Apo Resettlement for sale,"Apo District, Apo Resettlement",Apo Resettlement,Apo District,450000000.0,enterprise,700.0,4.0,5.0,Semi-Furnished
5bdrm Duplex in Jahi. Y Gilmore for sale,"Abuja (FCT), Jahi",Jahi,Abuja (FCT),400000000.0,enterprise,1500.0,5.0,6.0,Semi-Furnished
"Furnished 5bdrm Duplex in Majesty Estate Off, Port-Harcourt for sale","Rivers State, Port-Harcourt",Port-Harcourt,Rivers State,470000000.0,enterprise,500.0,5.0,5.0,Furnished
"Furnished 4bdrm Duplex in Golf Estate, Port-Harcourt for sale","Rivers State, Port-Harcourt",Port-Harcourt,Rivers State,180000000.0,enterprise,986.0,4.0,4.0,Furnished
"Furnished 2bdrm Block of Flats in Rukpokwu, Port-Harcourt for sale","Rivers State, Port-Harcourt",Port-Harcourt,Rivers State,160000000.0,enterprise,698.0,2.0,2.0,Furnished
"Furnished 4bdrm Duplex in Reef Court, Port-Harcourt for sale","Rivers State, Port-Harcourt",Port-Harcourt,Rivers State,275000000.0,enterprise,350.0,4.0,4.0,Furnished
"5bdrm Duplex in Ekeno Gas Estate Off, Port-Harcourt for sale","Rivers State, Port-Harcourt",Port-Harcourt,Rivers State,60000000.0,enterprise,460.0,5.0,5.0,Semi-Furnished
"5bdrm Duplex in Rumuosi Off East, Port-Harcourt for sale","Rivers State, Port-Harcourt",Port-Harcourt,Rivers State,95000000.0,enterprise,560.0,5.0,5.0,Semi-Furnished
"4bdrm Duplex in Mercyland Extension, Port-Harcourt for sale","Rivers State, Port-Harcourt",Port-Harcourt,Rivers State,85000000.0,enterprise,490.0,4.0,4.0,Semi-Furnished
"5bdrm Duplex in Credence Estate, Lugbe District for sale","Abuja (FCT), Lugbe District",Lugbe District,Abuja (FCT),195000000.0,enterprise,450.0,5.0,6.0,Unfurnished
5bdrm Duplex in Kado for sale,"Abuja (FCT), Kado",Kado,Abuja (FCT),850000000.0,enterprise,450.0,5.0,6.0,Unfurnished
Furnished 4bdrm Duplex in Guzape District for sale,"Abuja (FCT), Guzape District",Guzape District,Abuja (FCT),350000000.0,enterprise,2000.0,4.0,5.0,Furnished
Furnished 9bdrm Mansion in Asokoro for sale,"Abuja (FCT), Asokoro",Asokoro,Abuja (FCT),2500000000.0,enterprise,2500.0,9.0,5.0,Furnished
6bdrm Duplex in Asokoro Main for sale,"Abuja (FCT), Asokoro",Asokoro,Abuja (FCT),1700000000.0,enterprise,500.0,6.0,5.0,Semi-Furnished
5bdrm Duplex in Guzape Abuja for sale,"Abuja (FCT), Guzape District",Guzape District,Abuja (FCT),850000000.0,enterprise,600.0,5.0,6.0,Semi-Furnished
6bdrm Duplex in Katampe Extension for sale,"Katampe, Katampe Extension",Katampe Extension,Katampe,750000000.0,enterprise,600.0,6.0,5.0,Semi-Furnished
7bdrm Duplex in Asokoro Extension for sale,"Abuja (FCT), Asokoro",Asokoro,Abuja (FCT),500000000.0,enterprise,700.0,7.0,5.0,Unfurnished
Furnished 3bdrm Apartment in Idimu for sale,"Egbe/Idimu, Idimu",Idimu,Egbe/Idimu,80000000.0,False,105.0,3.0,3.0,Furnished
"Furnished 3bdrm Bungalow in Omachi Estate Off, Port-Harcourt for sale","Rivers State, Port-Harcourt",Port-Harcourt,Rivers State,95000000.0,enterprise,320.0,3.0,3.0,Furnished
"Furnished 5bdrm Room & Parlour in Harmony Estate Off, Port-Harcourt","Rivers State, Port-Harcourt",Port-Harcourt,Rivers State,950000000.0,enterprise,596.0,5.0,5.0,Furnished
"Furnished 1bdrm Block of Flats in Ovu Estate, Port-Harcourt for sale","Rivers State, Port-Harcourt",Port-Harcourt,Rivers State,95000000.0,enterprise,950.0,1.0,2.0,Furnished
"Furnished 5bdrm Duplex in Eneka Rd Off, Port-Harcourt for sale","Rivers State, Port-Harcourt",Port-Harcourt,Rivers State,180000000.0,enterprise,460.0,5.0,5.0,Furnished
"Furnished 2bdrm Block of Flats in Amaechi School Rd, Port-Harcourt","Rivers State, Port-Harcourt",Port-Harcourt,Rivers State,90000000.0,enterprise,460.0,2.0,3.0,Furnished
"3bdrm Bungalow in Radio Estate Off Nta, Port-Harcourt for sale","Rivers State, Port-Harcourt",Port-Harcourt,Rivers State,65000000.0,enterprise,468.0,3.0,3.0,Semi-Furnished
"5bdrm Duplex in Sars Rd, Port-Harcourt for sale","Rivers State, Port-Harcourt",Port-Harcourt,Rivers State,100000000.0,enterprise,460.0,5.0,5.0,Unfurnished
"3bdrm Bungalow in Rukpokwu, Port-Harcourt for sale","Rivers State, Port-Harcourt",Port-Harcourt,Rivers State,95000000.0,enterprise,465.0,3.0,3.0,Semi-Furnished
"3bdrm Block of Flats in Eliaparawon Off Ada, Port-Harcourt for sale","Rivers State, Port-Harcourt",Port-Harcourt,Rivers State,120000000.0,enterprise,980.0,3.0,3.0,Semi-Furnished
"3bdrm Apartment in Golf Estate, Port-Harcourt for sale","Rivers State, Port-Harcourt",Port-Harcourt,Rivers State,100000000.0,enterprise,890.0,3.0,4.0,Semi-Furnished
5bdrm Duplex in Katampe Extension for sale,"Katampe, Katampe Extension",Katampe Extension,Katampe,1000000000.0,enterprise,,5.0,5.0,Semi-Furnished
6bdrm Duplex in Guzape Close To Coza for sale,"Abuja (FCT), Guzape District",Guzape District,Abuja (FCT),2000000000.0,enterprise,1700.0,6.0,5.0,Semi-Furnished
"3bdrm Bungalow in Rumuhalu, Port-Harcourt for sale","Rivers State, Port-Harcourt",Port-Harcourt,Rivers State,85000000.0,enterprise,465.0,3.0,3.0,Semi-Furnished
"Furnished 5bdrm Duplex in Corner Stone Off Nta, Port-Harcourt for sale","Rivers State, Port-Harcourt",Port-Harcourt,Rivers State,350000000.0,enterprise,789.0,5.0,6.0,Furnished
Furnished 6bdrm Duplex in Eliozu Port Harcourt for sale,"Rivers State, Port-Harcourt",Port-Harcourt,Rivers State,400000000.0,enterprise,1395.0,6.0,6.0,Furnished
"Furnished 5bdrm Duplex in Gra Phase 7, Port-Harcourt for sale","Rivers State, Port-Harcourt",Port-Harcourt,Rivers State,320000000.0,enterprise,465.0,5.0,5.0,Furnished
"4bdrm Duplex in Greenland Estate, Port-Harcourt for sale","Rivers State, Port-Harcourt",Port-Harcourt,Rivers State,70000000.0,enterprise,460.0,4.0,5.0,Semi-Furnished
"Furnished 5bdrm Duplex in Sars Road, Port-Harcourt for sale","Rivers State, Port-Harcourt",Port-Harcourt,Rivers State,90000000.0,enterprise,780.0,5.0,5.0,Furnished
"4bdrm Duplex in Rumuibekwe Estate, Port-Harcourt for sale","Rivers State, Port-Harcourt",Port-Harcourt,Rivers State,150000000.0,enterprise,470.0,4.0,5.0,Semi-Furnished
"2bdrm Block of Flats in Spring Valley Estate, Port-Harcourt for sale","Rivers State, Port-Harcourt",Port-Harcourt,Rivers State,280000000.0,enterprise,1872.0,2.0,2.0,Unfurnished
"Furnished 4bdrm Duplex in Back Of Everyday, Port-Harcourt for sale","Rivers State, Port-Harcourt",Port-Harcourt,Rivers State,170000000.0,enterprise,450.0,4.0,5.0,Furnished
"Furnished 2bdrm Block of Flats in Golf Estate, Port-Harcourt for sale","Rivers State, Port-Harcourt",Port-Harcourt,Rivers State,75000000.0,enterprise,890.0,2.0,3.0,Furnished
"Furnished 5bdrm Duplex in School Rd Elelewo, Port-Harcourt for sale","Rivers State, Port-Harcourt",Port-Harcourt,Rivers State,95000000.0,enterprise,890.0,5.0,5.0,Furnished
4bdrm Duplex in Gra Port Harcourt for sale,"Rivers State, Port-Harcourt",Port-Harcourt,Rivers State,600000000.0,enterprise,790.0,4.0,4.0,Semi-Furnished
"4bdrm Duplex in Nuga Luxury, Lugbe District for sale","Abuja (FCT), Lugbe District",Lugbe District,Abuja (FCT),140000000.0,enterprise,400.0,4.0,5.0,Unfurnished
"6bdrm Mansion in In A Mini Estate, for sale","Katampe, Katampe Extension",Katampe Extension,Katampe,1000000000.0,enterprise,550.0,6.0,7.0,Unfurnished
5bdrm Duplex in Apo Resettlement for sale,"Apo District, Apo Resettlement",Apo Resettlement,Apo District,500000000.0,enterprise,700.0,5.0,6.0,Semi-Furnished
8bdrm Mansion in Guzape Abuja for sale,"Abuja (FCT), Guzape District",Guzape District,Abuja (FCT),3200000000.0,enterprise,2500.0,8.0,5.0,Semi-Furnished
5bdrm Duplex in Guzape Main Abuja for sale,"Abuja (FCT), Guzape District",Guzape District,Abuja (FCT),700000000.0,enterprise,600.0,5.0,6.0,Unfurnished
"Furnished 5bdrm Duplex in Efab Metropolis, Karsana for sale","Gwagwa, Karsana",Karsana,Gwagwa,400000000.0,enterprise,750.0,5.0,5.0,Furnished
6bdrm Duplex in Guzape Abuja for sale,"Abuja (FCT), Guzape District",Guzape District,Abuja (FCT),550000000.0,enterprise,600.0,6.0,7.0,Semi-Furnished
"5bdrm Duplex in Mabuchi Abuja, Mabushi for sale","Abuja (FCT), Mabushi",Mabushi,Abuja (FCT),330000000.0,enterprise,3000.0,5.0,6.0,Semi-Furnished
"3bdrm Bungalow in Egbelu Off Ogbogoro, Port-Harcourt for sale","Rivers State, Port-Harcourt",Port-Harcourt,Rivers State,45000000.0,enterprise,320.0,3.0,3.0,Semi-Furnished
"3bdrm Bungalow in Rumuekini Off, Port-Harcourt for sale","Rivers State, Port-Harcourt",Port-Harcourt,Rivers State,57000000.0,enterprise,325.0,3.0,3.0,Semi-Furnished
"2bdrm Block of Flats in Miniorlu Rd Ph, Port-Harcourt for sale","Rivers State, Port-Harcourt",Port-Harcourt,Rivers State,120000000.0,enterprise,560.0,2.0,2.0,Semi-Furnished
"Furnished 4bdrm Bungalow in Unity Estate Eneka, Port-Harcourt for sale","Rivers State, Port-Harcourt",Port-Harcourt,Rivers State,150000000.0,enterprise,598.0,4.0,4.0,Furnished
"1bdrm Block of Flats in Jesus Avenue Off Nta, Port-Harcourt for sale","Rivers State, Port-Harcourt",Port-Harcourt,Rivers State,38000000.0,enterprise,450.0,1.0,1.0,Semi-Furnished
5bdrm Duplex in Guzape Abuja for sale,"Abuja (FCT), Guzape District",Guzape District,Abuja (FCT),550000000.0,enterprise,500.0,5.0,5.0,Unfurnished
4bdrm Duplex in Jabi Abuja for sale,"Abuja (FCT), Jabi",Jabi,Abuja (FCT),400000000.0,enterprise,3000.0,4.0,5.0,Semi-Furnished
4bdrm Duplex in Guzape Main Abuja for sale,"Abuja (FCT), Guzape District",Guzape District,Abuja (FCT),300000000.0,enterprise,2500.0,4.0,5.0,Unfurnished
"Furnished 4bdrm Duplex in Shell Co Operative, Port-Harcourt for sale","Rivers State, Port-Harcourt",Port-Harcourt,Rivers State,270000000.0,enterprise,450.0,4.0,4.0,Furnished
"Furnished 4bdrm Duplex in Peter Odili, Port-Harcourt for sale","Rivers State, Port-Harcourt",Port-Harcourt,Rivers State,350000000.0,enterprise,560.0,4.0,4.0,Furnished
"2bdrm Block of Flats in New Gra, Port-Harcourt for sale","Rivers State, Port-Harcourt",Port-Harcourt,Rivers State,150000000.0,enterprise,985.0,2.0,2.0,Semi-Furnished
"6bdrm Duplex in Rumukwurushi, Port-Harcourt for sale","Rivers State, Port-Harcourt",Port-Harcourt,Rivers State,140000000.0,enterprise,989.0,6.0,6.0,Semi-Furnished
"4bdrm Duplex in Peter Odili, Port-Harcourt for sale","Rivers State, Port-Harcourt",Port-Harcourt,Rivers State,200000000.0,enterprise,440.0,4.0,4.0,Semi-Furnished
"4bdrm Bungalow in Chike Street Off Nta, Port-Harcourt for sale","Rivers State, Port-Harcourt",Port-Harcourt,Rivers State,100000000.0,enterprise,468.0,4.0,5.0,Semi-Furnished
"3bdrm Block of Flats in Sars Road Rukpokwu, Port-Harcourt for sale","Rivers State, Port-Harcourt",Port-Harcourt,Rivers State,75000000.0,enterprise,475.0,3.0,3.0,Semi-Furnished
"Furnished 4bdrm Duplex in Green Estate, Port-Harcourt for sale","Rivers State, Port-Harcourt",Port-Harcourt,Rivers State,120000000.0,enterprise,690.0,4.0,4.0,Furnished
Furnished 5bdrm Duplex in Ilom Woji Port for sale,"Rivers State, Port-Harcourt",Port-Harcourt,Rivers State,150000000.0,enterprise,320.0,5.0,5.0,Furnished
"Furnished 4bdrm Duplex in Gitto Estate East, Port-Harcourt for sale","Rivers State, Port-Harcourt",Port-Harcourt,Rivers State,150000000.0,enterprise,465.0,4.0,5.0,Furnished
"2bdrm Block of Flats in Rumualogu Alakahia, Port-Harcourt for Sale","Rivers State, Port-Harcourt",Port-Harcourt,Rivers State,60000000.0,enterprise,980.0,2.0,3.0,Semi-Furnished
"Furnished 7bdrm Duplex in Eneka, Port-Harcourt for sale","Rivers State, Port-Harcourt",Port-Harcourt,Rivers State,280000000.0,enterprise,985.0,7.0,7.0,Furnished
"Furnished 2bdrm Block of Flats in Rukpakurusi Off East, Port-Harcourt","Rivers State, Port-Harcourt",Port-Harcourt,Rivers State,85000000.0,enterprise,698.0,2.0,2.0,Furnished
"4bdrm Duplex in Nuga Luxuries, Lugbe District for sale","Abuja (FCT), Lugbe District",Lugbe District,Abuja (FCT),170000000.0,enterprise,450.0,4.0,5.0,Unfurnished
5bdrm Bungalow in Federal Housing for sale,"Abuja (FCT), Lugbe District",Lugbe District,Abuja (FCT),130000000.0,enterprise,800.0,5.0,6.0,Unfurnished
"Furnished 5bdrm Duplex in Efab Metropolis, Gwarinpa for sale","Abuja (FCT), Gwarinpa",Gwarinpa,Abuja (FCT),500000000.0,enterprise,750.0,5.0,5.0,Furnished
6bdrm Duplex in Life Camp Main Abuja for sale,"Gwarinpa, Life Camp",Life Camp,Gwarinpa,450000000.0,enterprise,500.0,6.0,7.0,Semi-Furnished
6bdrm Duplex in Apo Resettlement for sale,"Apo District, Apo Resettlement",Apo Resettlement,Apo District,500000000.0,enterprise,1000.0,6.0,5.0,Semi-Furnished
6bdrm Duplex in Maitama for sale,"Abuja (FCT), Maitama",Maitama,Abuja (FCT),1500000000.0,diamond,800.0,6.0,6.0,Unfurnished
4bdrm Duplex in Wuye for sale,"Abuja (FCT), Wuye",Wuye,Abuja (FCT),300000000.0,False,250.0,4.0,5.0,Unfurnished
"Furnished 2bdrm Block of Flats in Back Of Boskel, Port-Harcourt","Rivers State, Port-Harcourt",Port-Harcourt,Rivers State,110000000.0,enterprise,989.0,2.0,2.0,Furnished
"4bdrm Duplex in Golden Town Estate, Port-Harcourt for sale","Rivers State, Port-Harcourt",Port-Harcourt,Rivers State,160000000.0,enterprise,460.0,4.0,4.0,Semi-Furnished
"3bdrm Bungalow in Egbelu Off Ada, Obio-Akpor for sale","Rivers State, Obio-Akpor",Obio-Akpor,Rivers State,65000000.0,enterprise,500.0,3.0,3.0,Semi-Furnished
"Furnished 5bdrm Duplex in Peter Odili, Port-Harcourt for sale","Rivers State, Port-Harcourt",Port-Harcourt,Rivers State,295000000.0,enterprise,989.0,5.0,5.0,Furnished
"Furnished 5bdrm Duplex in Shell Co Operative, Port-Harcourt for sale","Rivers State, Port-Harcourt",Port-Harcourt,Rivers State,600000000.0,enterprise,690.0,5.0,5.0,Furnished
"3bdrm Bungalow in Coner Stone Off Nta, Port-Harcourt for sale","Rivers State, Port-Harcourt",Port-Harcourt,Rivers State,80000000.0,enterprise,450.0,3.0,3.0,Semi-Furnished
Furnished 2bdrm Block of Flats in Port-Harcourt for sale,"Rivers State, Port-Harcourt",Port-Harcourt,Rivers State,90000000.0,enterprise,,2.0,3.0,Furnished
"2bdrm Block of Flats in Ozuoba Ph, Port-Harcourt for sale","Rivers State, Port-Harcourt",Port-Harcourt,Rivers State,55000000.0,enterprise,894.0,2.0,2.0,Semi-Furnished
"3bdrm Bungalow in Okilten Estate Off, Port-Harcourt for sale","Rivers State, Port-Harcourt",Port-Harcourt,Rivers State,80000000.0,enterprise,1150.0,3.0,4.0,Semi-Furnished
"3bdrm Block of Flats in Mini Avenue Off, Port-Harcourt for sale","Rivers State, Port-Harcourt",Port-Harcourt,Rivers State,75000000.0,enterprise,560.0,3.0,3.0,Semi-Furnished
"4bdrm Duplex in Nta Rd, Port-Harcourt for sale","Rivers State, Port-Harcourt",Port-Harcourt,Rivers State,135000000.0,enterprise,350.0,4.0,4.0,Semi-Furnished
"2bdrm Block of Flats in Sars Rd Ph, Port-Harcourt for sale","Rivers State, Port-Harcourt",Port-Harcourt,Rivers State,180000000.0,enterprise,785.0,2.0,2.0,Unfurnished
"2bdrm Duplex in Ineck Homes, Lugbe District for sale","Abuja (FCT), Lugbe District",Lugbe District,Abuja (FCT),140000000.0,enterprise,450.0,2.0,3.0,Unfurnished
5bdrm Duplex in Gwarinpa 6Th Avenue for sale,"Abuja (FCT), Gwarinpa",Gwarinpa,Abuja (FCT),320000000.0,enterprise,564.0,5.0,6.0,Unfurnished
5bdrm Duplex in Asokoro Main Abuja for sale,"Abuja (FCT), Asokoro",Asokoro,Abuja (FCT),1300000000.0,enterprise,1000.0,5.0,6.0,Semi-Furnished
6bdrm Duplex in Guzape Main Abuja for sale,"Abuja (FCT), Guzape District",Guzape District,Abuja (FCT),1000000000.0,enterprise,700.0,6.0,7.0,Semi-Furnished
4bdrm Duplex in Guzape Abuja for sale,"Abuja (FCT), Guzape District",Guzape District,Abuja (FCT),750000000.0,enterprise,700.0,4.0,5.0,Semi-Furnished
7bdrm Mansion in Maitama Main Abuja for sale,"Abuja (FCT), Maitama",Maitama,Abuja (FCT),6000000000.0,enterprise,1500.0,7.0,8.0,Semi-Furnished
5bdrm Duplex in Guzape Abuja for sale,"Abuja (FCT), Guzape District",Guzape District,Abuja (FCT),350000000.0,enterprise,1800.0,5.0,6.0,Semi-Furnished
6bdrm Duplex in Guzape Main Abuja for sale,"Abuja (FCT), Guzape District",Guzape District,Abuja (FCT),950000000.0,enterprise,700.0,6.0,7.0,Semi-Furnished
"4bdrm Duplex in Harmony Estate, Port-Harcourt for sale","Rivers State, Port-Harcourt",Port-Harcourt,Rivers State,480000000.0,enterprise,560.0,4.0,4.0,Semi-Furnished
"2bdrm Block of Flats in Aparalink Off Nta Rd, Port-Harcourt for sale","Rivers State, Port-Harcourt",Port-Harcourt,Rivers State,180000000.0,enterprise,2562.0,2.0,2.0,Semi-Furnished
Furnished 5bdrm Duplex in Ada George Port for sale,"Rivers State, Port-Harcourt",Port-Harcourt,Rivers State,380000000.0,enterprise,550.0,5.0,5.0,Furnished
"Furnished 4bdrm Duplex in Royal Avenue Estate, Port-Harcourt for Sale","Rivers State, Port-Harcourt",Port-Harcourt,Rivers State,150000000.0,enterprise,,4.0,5.0,Furnished
"4bdrm Duplex in Queen Park Estate, Port-Harcourt for sale","Rivers State, Port-Harcourt",Port-Harcourt,Rivers State,120000000.0,enterprise,530.0,4.0,4.0,Unfurnished
"5bdrm Duplex in Iwofe Rd, Port-Harcourt for sale","Rivers State, Port-Harcourt",Port-Harcourt,Rivers State,150000000.0,enterprise,560.0,5.0,5.0,Semi-Furnished
"5bdrm Duplex in Amaechi School Off, Port-Harcourt for sale","Rivers State, Port-Harcourt",Port-Harcourt,Rivers State,130000000.0,enterprise,520.0,5.0,5.0,Semi-Furnished
"3bdrm Bungalow in Ogbogoro, Port-Harcourt for sale","Rivers State, Port-Harcourt",Port-Harcourt,Rivers State,50000000.0,enterprise,340.0,3.0,3.0,Semi-Furnished
"4bdrm Duplex in Rukpokwu Ph, Port-Harcourt for sale","Rivers State, Port-Harcourt",Port-Harcourt,Rivers State,140000000.0,enterprise,568.0,4.0,4.0,Semi-Furnished
5bdrm Duplex in Apo Resettlement for sale,"Apo District, Apo Resettlement",Apo Resettlement,Apo District,500000000.0,enterprise,1100.0,5.0,6.0,Semi-Furnished
Furnished 5bdrm Duplex in Guzape Main Abuja for sale,"Abuja (FCT), Guzape District",Guzape District,Abuja (FCT),1400000000.0,enterprise,600.0,5.0,6.0,Furnished
5bdrm Duplex in Guzape Abuja for sale,"Abuja (FCT), Guzape District",Guzape District,Abuja (FCT),2000000000.0,enterprise,1200.0,5.0,5.0,Semi-Furnished
"Furnished 7bdrm Duplex in Efab Metropolis, Gwarinpa for sale","Abuja (FCT), Gwarinpa",Gwarinpa,Abuja (FCT),550000000.0,enterprise,900.0,7.0,5.0,Furnished
"5bdrm Duplex in Efab Metropolis, Gwarinpa for sale","Abuja (FCT), Gwarinpa",Gwarinpa,Abuja (FCT),370000000.0,enterprise,,5.0,5.0,Unfurnished
"4bdrm Duplex in Dawaki By News, Gwarinpa for sale","Abuja (FCT), Gwarinpa",Gwarinpa,Abuja (FCT),300000000.0,enterprise,400.0,4.0,5.0,Semi-Furnished
"6bdrm Duplex in Mandela Estate Off, Port-Harcourt for sale","Rivers State, Port-Harcourt",Port-Harcourt,Rivers State,180000000.0,enterprise,1496.0,6.0,6.0,Unfurnished
"Furnished 3bdrm Duplex in Pearl Spring Estate, Port-Harcourt for sale","Rivers State, Port-Harcourt",Port-Harcourt,Rivers State,110000000.0,enterprise,596.0,3.0,3.0,Furnished
"Furnished 3bdrm Duplex in Shell Co Operative, Port-Harcourt for sale","Rivers State, Port-Harcourt",Port-Harcourt,Rivers State,240000000.0,enterprise,420.0,3.0,3.0,Furnished
"6bdrm Duplex in Bank Of Gtbank, Port-Harcourt for sale","Rivers State, Port-Harcourt",Port-Harcourt,Rivers State,100000000.0,enterprise,568.0,6.0,6.0,Semi-Furnished
"6bdrm Duplex in See For Eyes, Port-Harcourt for sale","Rivers State, Port-Harcourt",Port-Harcourt,Rivers State,150000000.0,enterprise,469.0,6.0,6.0,Semi-Furnished
"5bdrm Duplex in Back Of Everyday, Port-Harcourt for sale","Rivers State, Port-Harcourt",Port-Harcourt,Rivers State,80000000.0,enterprise,780.0,5.0,5.0,Semi-Furnished
"2bdrm Block of Flats in Majesty Estate Off, Port-Harcourt for sale","Rivers State, Port-Harcourt",Port-Harcourt,Rivers State,80000000.0,enterprise,890.0,2.0,3.0,Semi-Furnished
"Furnished 4bdrm Duplex in Shell Cooperative, Port-Harcourt for sale","Rivers State, Port-Harcourt",Port-Harcourt,Rivers State,280000000.0,enterprise,460.0,4.0,5.0,Furnished
"Furnished 4bdrm Bungalow in Rumuoke Off Ada, Port-Harcourt for sale","Rivers State, Port-Harcourt",Port-Harcourt,Rivers State,70000000.0,enterprise,985.0,4.0,4.0,Furnished
"6bdrm Duplex in Nta Estate, Port-Harcourt for sale","Rivers State, Port-Harcourt",Port-Harcourt,Rivers State,300000000.0,enterprise,468.0,6.0,6.0,Semi-Furnished
7bdrm Duplex in Asokoro Abuja for sale,"Abuja (FCT), Asokoro",Asokoro,Abuja (FCT),1500000000.0,enterprise,1300.0,7.0,8.0,Semi-Furnished
8bdrm Mansion in Asokoro Main for sale,"Abuja (FCT), Asokoro",Asokoro,Abuja (FCT),3000000000.0,enterprise,1600.0,8.0,5.0,Semi-Furnished
"4bdrm Duplex in Ada George P/H, Port-Harcourt for sale","Rivers State, Port-Harcourt",Port-Harcourt,Rivers State,150000000.0,enterprise,359.0,4.0,4.0,Semi-Furnished
"5bdrm Duplex in New Rd Off Ada, Port-Harcourt for sale","Rivers State, Port-Harcourt",Port-Harcourt,Rivers State,180000000.0,enterprise,930.0,5.0,5.0,Semi-Furnished
"4bdrm Duplex in Ogbatia Estate Woji, Port-Harcourt for sale","Rivers State, Port-Harcourt",Port-Harcourt,Rivers State,150000000.0,enterprise,489.0,4.0,4.0,Semi-Furnished
"1bdrm Block of Flats in Iguruta, Port-Harcourt for sale","Rivers State, Port-Harcourt",Port-Harcourt,Rivers State,38000000.0,enterprise,569.0,1.0,2.0,Semi-Furnished
"Furnished 4bdrm Duplex in Mandala Estate Off, Port-Harcourt for sale","Rivers State, Port-Harcourt",Port-Harcourt,Rivers State,150000000.0,enterprise,400.0,4.0,5.0,Furnished
"Furnished 6bdrm Duplex in Rumughaolu, Port-Harcourt for sale","Rivers State, Port-Harcourt",Port-Harcourt,Rivers State,150000000.0,enterprise,564.0,6.0,6.0,Furnished
"4bdrm Duplex in Majesty Estate, Port-Harcourt for sale","Rivers State, Port-Harcourt",Port-Harcourt,Rivers State,140000000.0,enterprise,468.0,4.0,4.0,Semi-Furnished
"2bdrm Block of Flats in Queens Parks Off, Port-Harcourt for sale","Rivers State, Port-Harcourt",Port-Harcourt,Rivers State,120000000.0,enterprise,560.0,2.0,3.0,Semi-Furnished
4bdrm Duplex in Lokogoma Express for sale,"Abuja (FCT), Lokogoma",Lokogoma,Abuja (FCT),260000000.0,enterprise,450.0,4.0,5.0,Unfurnished
"5bdrm Duplex in Citiscape Estate, Guzape District for sale","Abuja (FCT), Guzape District",Guzape District,Abuja (FCT),750000000.0,enterprise,700.0,5.0,5.0,Semi-Furnished
Furnished 8bdrm Mansion in Maitama Abuja for sale,"Abuja (FCT), Maitama",Maitama,Abuja (FCT),9000000000.0,enterprise,4000.0,8.0,5.0,Furnished
Furnished 4bdrm Duplex in Gwarinpa Abuja for sale,"Abuja (FCT), Gwarinpa",Gwarinpa,Abuja (FCT),380000000.0,enterprise,1000.0,4.0,5.0,Furnished
4bdrm Duplex in Katampe Extension for sale,"Katampe, Katampe Extension",Katampe Extension,Katampe,450000000.0,enterprise,500.0,4.0,5.0,Semi-Furnished
7bdrm Duplex in Guzape for sale,"Abuja (FCT), Guzape District",Guzape District,Abuja (FCT),850000000.0,enterprise,1200.0,7.0,5.0,Semi-Furnished
4bdrm Duplex in Guzape Main Abuja for sale,"Abuja (FCT), Guzape District",Guzape District,Abuja (FCT),400000000.0,enterprise,1500.0,4.0,5.0,Semi-Furnished
"5bdrm Duplex in Diplomatic Zone,, Katampe Extension for sale","Katampe, Katampe Extension",Katampe Extension,Katampe,750000000.0,enterprise,500.0,5.0,6.0,Semi-Furnished
5bdrm Duplex in Asokoro Main Abuja for sale,"Abuja (FCT), Asokoro",Asokoro,Abuja (FCT),1100000000.0,enterprise,700.0,5.0,6.0,Semi-Furnished
"3bdrm Bungalow in Ogbogoro Off Egbelu, Port-Harcourt for sale","Rivers State, Port-Harcourt",Port-Harcourt,Rivers State,90000000.0,enterprise,412.0,3.0,3.0,Semi-Furnished
"4bdrm Duplex in Pearl Garden Estate, Port-Harcourt for sale","Rivers State, Port-Harcourt",Port-Harcourt,Rivers State,350000000.0,enterprise,498.0,4.0,4.0,Semi-Furnished
"1bdrm Block of Flats in Nddc Estate Off, Port-Harcourt for sale","Rivers State, Port-Harcourt",Port-Harcourt,Rivers State,26000000.0,enterprise,330.0,1.0,1.0,Semi-Furnished
"2bdrm Block of Flats in New Rd Extension Off, Obio-Akpor for sale","Rivers State, Obio-Akpor",Obio-Akpor,Rivers State,700000000.0,enterprise,1860.0,2.0,2.0,Semi-Furnished
"Furnished 4bdrm Duplex in Eliozu Farm Rd P/H, Port-Harcourt for sale","Rivers State, Port-Harcourt",Port-Harcourt,Rivers State,180000000.0,enterprise,469.0,4.0,4.0,Furnished
"Furnished 4bdrm Duplex in Trans Amadi Estate, Port-Harcourt for sale","Rivers State, Port-Harcourt",Port-Harcourt,Rivers State,700000000.0,enterprise,550.0,4.0,4.0,Furnished
"2bdrm Block of Flats in New Rd Off Ada, Port-Harcourt for sale","Rivers State, Port-Harcourt",Port-Harcourt,Rivers State,90000000.0,enterprise,478.0,2.0,2.0,Semi-Furnished
"Furnished 4bdrm Duplex in Rukpakurusi Estate, Port-Harcourt for sale","Rivers State, Port-Harcourt",Port-Harcourt,Rivers State,150000000.0,enterprise,490.0,4.0,4.0,Furnished
"Furnished 5bdrm Duplex in Rukpokwu, Port-Harcourt for sale","Rivers State, Port-Harcourt",Port-Harcourt,Rivers State,150000000.0,enterprise,652.0,5.0,6.0,Furnished
"2bdrm Block of Flats in New Road Estate Off, Port-Harcourt for sale","Rivers State, Port-Harcourt",Port-Harcourt,Rivers State,100000000.0,enterprise,560.0,2.0,3.0,Semi-Furnished
"3bdrm Bungalow in Rumuekini, Port-Harcourt for sale","Rivers State, Port-Harcourt",Port-Harcourt,Rivers State,70000000.0,enterprise,520.0,3.0,3.0,Semi-Furnished
"6bdrm Bungalow in Fha, Lugbe for sale","Abuja (FCT), Lugbe District",Lugbe District,Abuja (FCT),140000000.0,enterprise,1100.0,6.0,7.0,Unfurnished
"6bdrm Bungalow in New Site, Fha, Lugbe District for sale","Abuja (FCT), Lugbe District",Lugbe District,Abuja (FCT),85000000.0,enterprise,500.0,6.0,7.0,Unfurnished
"5bdrm Duplex in Katampe Extension, Guzape District for sale","Abuja (FCT), Guzape District",Guzape District,Abuja (FCT),1200000000.0,enterprise,800.0,5.0,5.0,Semi-Furnished
"Furnished 7bdrm Mansion in Gwarimpa Estate, Gwarinpa for sale","Abuja (FCT), Gwarinpa",Gwarinpa,Abuja (FCT),1000000000.0,enterprise,2000.0,7.0,5.0,Furnished
6bdrm Duplex in Wuye Abuja for sale,"Abuja (FCT), Wuye",Wuye,Abuja (FCT),600000000.0,enterprise,700.0,6.0,7.0,Semi-Furnished
5bdrm Duplex in Katampe Extension By for sale,"Katampe, Katampe Extension",Katampe Extension,Katampe,1200000000.0,enterprise,500.0,5.0,6.0,Semi-Furnished
"4bdrm Duplex in Agip Estate, Port-Harcourt for sale","Rivers State, Port-Harcourt",Port-Harcourt,Rivers State,250000000.0,enterprise,430.0,4.0,4.0,Semi-Furnished
"1bdrm Block of Flats in Eliparawo Off Ada, Port-Harcourt for sale","Rivers State, Port-Harcourt",Port-Harcourt,Rivers State,100000000.0,enterprise,620.0,1.0,1.0,Semi-Furnished
"Furnished 4bdrm Bungalow in Green Vill Estate, Port-Harcourt for sale","Rivers State, Port-Harcourt",Port-Harcourt,Rivers State,110000000.0,enterprise,467.0,4.0,4.0,Furnished
"Furnished 3bdrm Duplex in Rumuodomaya, Port-Harcourt for sale","Rivers State, Port-Harcourt",Port-Harcourt,Rivers State,130000000.0,enterprise,350.0,3.0,3.0,Furnished
"5bdrm Duplex in Mercyland Extension, Port-Harcourt for sale","Rivers State, Port-Harcourt",Port-Harcourt,Rivers State,160000000.0,enterprise,680.0,5.0,6.0,Semi-Furnished
"4bdrm Bungalow in Ada George, Port-Harcourt for sale","Rivers State, Port-Harcourt",Port-Harcourt,Rivers State,95000000.0,enterprise,550.0,4.0,5.0,Semi-Furnished
"Furnished 4bdrm Duplex in Royal Avenue Peter, Port-Harcourt for sale","Rivers State, Port-Harcourt",Port-Harcourt,Rivers State,270000000.0,enterprise,980.0,4.0,4.0,Furnished
"5bdrm Duplex in New Road Off Ada, Port-Harcourt for sale","Rivers State, Port-Harcourt",Port-Harcourt,Rivers State,70000000.0,enterprise,460.0,5.0,5.0,Unfurnished
"Furnished 3bdrm Duplex in Farm Road Estate Off, Port-Harcourt for sale","Rivers State, Port-Harcourt",Port-Harcourt,Rivers State,100000000.0,enterprise,460.0,3.0,4.0,Furnished
"2bdrm Block of Flats in Power Encounter Rd, Port-Harcourt for sale","Rivers State, Port-Harcourt",Port-Harcourt,Rivers State,95000000.0,enterprise,455.0,2.0,2.0,Semi-Furnished
"5bdrm Duplex in Road Estate Off Ada, Port-Harcourt for sale","Rivers State, Port-Harcourt",Port-Harcourt,Rivers State,150000000.0,enterprise,460.0,5.0,5.0,Semi-Furnished
"3bdrm Bungalow in Royal Garden Estate, Lugbe District for sale","Abuja (FCT), Lugbe District",Lugbe District,Abuja (FCT),90000000.0,enterprise,400.0,3.0,4.0,Unfurnished
"2bdrm Apartment in Urban Flow Apartment, Off Lekki-Epe Expressway","Ajah, Off Lekki-Epe Expressway",Off Lekki-Epe Expressway,Ajah,85000000.0,False,300.0,2.0,2.0,Semi-Furnished
4bdrm Duplex in Wuye Abuja for sale,"Abuja (FCT), Wuye",Wuye,Abuja (FCT),350000000.0,enterprise,2000.0,4.0,5.0,Semi-Furnished
"5bdrm Duplex in Rukpakulusi Gra, Port-Harcourt for sale","Rivers State, Port-Harcourt",Port-Harcourt,Rivers State,330000000.0,enterprise,989.0,5.0,5.0,Semi-Furnished
"4bdrm Bungalow in Radio Estate Off Nta, Port-Harcourt for sale","Rivers State, Port-Harcourt",Port-Harcourt,Rivers State,55000000.0,enterprise,500.0,4.0,4.0,Unfurnished
Furnished 4bdrm Duplex in Cedarwood Estate Off for sale,"Rivers State, Port-Harcourt",Port-Harcourt,Rivers State,300000000.0,enterprise,465.0,4.0,4.0,Furnished
"Furnished 3bdrm Duplex in Rumuodara Eneka Rd, Port-Harcourt for sale","Rivers State, Port-Harcourt",Port-Harcourt,Rivers State,85000000.0,enterprise,520.0,3.0,3.0,Furnished
"4bdrm Duplex in Peter Odili, Port-Harcourt for sale","Rivers State, Port-Harcourt",Port-Harcourt,Rivers State,400000000.0,enterprise,500.0,4.0,4.0,Semi-Furnished
"Furnished 4bdrm Duplex in Shell Co Operative, Port-Harcourt for sale","Rivers State, Port-Harcourt",Port-Harcourt,Rivers State,170000000.0,enterprise,,4.0,5.0,Furnished
"4bdrm Duplex in Back Of Dunamis, Lugbe District for sale","Abuja (FCT), Lugbe District",Lugbe District,Abuja (FCT),185000000.0,enterprise,400.0,4.0,5.0,Unfurnished
"4bdrm Bungalow in Emerald Garden, Lugbe District for sale","Abuja (FCT), Lugbe District",Lugbe District,Abuja (FCT),300000000.0,enterprise,500.0,4.0,5.0,Unfurnished
"4bdrm Duplex in In A Tarred Estate,, Lugbe District for sale","Abuja (FCT), Lugbe District",Lugbe District,Abuja (FCT),250000000.0,enterprise,500.0,4.0,5.0,Unfurnished
"3bdrm Apartment in Beaufort Court, Lugbe District for sale","Abuja (FCT), Lugbe District",Lugbe District,Abuja (FCT),55000000.0,enterprise,1000.0,3.0,4.0,Unfurnished
Furnished 4bdrm Duplex in Bilaad Construction for sale,"Abuja (FCT), Wuye",Wuye,Abuja (FCT),450000000.0,enterprise,3000.0,4.0,5.0,Furnished
7bdrm Duplex in Efab Metropolis for sale,"Gwagwa, Karsana",Karsana,Gwagwa,500000000.0,enterprise,1000.0,7.0,8.0,Semi-Furnished
7bdrm Duplex in Efab Metropolis for sale,"Abuja (FCT), Gwarinpa",Gwarinpa,Abuja (FCT),460000000.0,enterprise,1000.0,7.0,7.0,Semi-Furnished
"Furnished 6bdrm Duplex in Eliozu, Port-Harcourt for sale","Rivers State, Port-Harcourt",Port-Harcourt,Rivers State,240000000.0,enterprise,960.0,6.0,6.0,Furnished
"Furnished 4bdrm Duplex in Odani Estate, Port-Harcourt for sale","Rivers State, Port-Harcourt",Port-Harcourt,Rivers State,230000000.0,enterprise,989.0,4.0,4.0,Furnished
"4bdrm Duplex in Garden Estate Shell, Port-Harcourt for sale","Rivers State, Port-Harcourt",Port-Harcourt,Rivers State,90000000.0,enterprise,350.0,4.0,4.0,Semi-Furnished
5bdrm Duplex in Rumuodomaya Port for sale,"Rivers State, Port-Harcourt",Port-Harcourt,Rivers State,250000000.0,enterprise,989.0,5.0,5.0,Semi-Furnished
"Furnished 4bdrm Duplex in Igwuruta, Port-Harcourt for sale","Rivers State, Port-Harcourt",Port-Harcourt,Rivers State,150000000.0,enterprise,650.0,4.0,4.0,Furnished
"Furnished 5bdrm Duplex in Centenary Gardens, Port-Harcourt for sale","Rivers State, Port-Harcourt",Port-Harcourt,Rivers State,230000000.0,enterprise,469.0,5.0,6.0,Furnished
"4bdrm Duplex in Peter Odili, Port-Harcourt for sale","Rivers State, Port-Harcourt",Port-Harcourt,Rivers State,220000000.0,enterprise,560.0,4.0,4.0,Semi-Furnished
6bdrm Duplex in Lokogoma for sale,"Abuja (FCT), Lokogoma",Lokogoma,Abuja (FCT),550000000.0,enterprise,650.0,6.0,7.0,Unfurnished
"4bdrm Duplex in River Park Estate, Lugbe District for sale","Abuja (FCT), Lugbe District",Lugbe District,Abuja (FCT),220000000.0,enterprise,450.0,4.0,5.0,Unfurnished
"7bdrm Bungalow in New Sites, Lugbe District for sale","Abuja (FCT), Lugbe District",Lugbe District,Abuja (FCT),145000000.0,enterprise,850.0,7.0,8.0,Unfurnished
Furnished 7bdrm Mansion in Gwarinpa for sale,"Abuja (FCT), Gwarinpa",Gwarinpa,Abuja (FCT),1000000000.0,enterprise,1400.0,7.0,5.0,Furnished
"5bdrm Duplex in Efab Metropolis, Gwarinpa for sale","Abuja (FCT), Gwarinpa",Gwarinpa,Abuja (FCT),450000000.0,enterprise,800.0,5.0,5.0,Unfurnished
4bdrm Duplex in Katampe Extension for sale,"Katampe, Katampe Extension",Katampe Extension,Katampe,250000000.0,enterprise,2500.0,4.0,5.0,Semi-Furnished
5bdrm Duplex in Guzape Abuja for sale,"Abuja (FCT), Guzape District",Guzape District,Abuja (FCT),350000000.0,enterprise,500.0,5.0,5.0,Unfurnished
7bdrm Duplex in Efab Metropolis for sale,"Abuja (FCT), Gwarinpa",Gwarinpa,Abuja (FCT),500000000.0,enterprise,900.0,7.0,8.0,Semi-Furnished
6bdrm Duplex in Katampe Extension for sale,"Katampe, Katampe Extension",Katampe Extension,Katampe,1170000000.0,enterprise,600.0,6.0,7.0,Semi-Furnished
4bdrm Duplex in Katampe Extension for sale,"Katampe, Katampe Extension",Katampe Extension,Katampe,350000000.0,enterprise,2500.0,4.0,5.0,Semi-Furnished
4bdrm Duplex in Wuye Abuja for sale,"Abuja (FCT), Wuye",Wuye,Abuja (FCT),375000000.0,enterprise,1800.0,4.0,5.0,Semi-Furnished
"5bdrm Duplex in Efab Metropolis, Gwarinpa for sale","Abuja (FCT), Gwarinpa",Gwarinpa,Abuja (FCT),380000000.0,enterprise,750.0,5.0,5.0,Semi-Furnished
"4bdrm Bungalow in Omachi Estate, Port-Harcourt for sale","Rivers State, Port-Harcourt",Port-Harcourt,Rivers State,105000000.0,enterprise,330.0,4.0,4.0,Semi-Furnished
"4bdrm Duplex in Woji P/H, Port-Harcourt for sale","Rivers State, Port-Harcourt",Port-Harcourt,Rivers State,250000000.0,enterprise,450.0,4.0,4.0,Semi-Furnished
"Furnished 5bdrm Duplex in Cedar Wood Estate, Port-Harcourt for sale","Rivers State, Port-Harcourt",Port-Harcourt,Rivers State,650000000.0,enterprise,1000.0,5.0,5.0,Furnished
Furnished 2bdrm Block of Flats in Ada George Port for sale,"Rivers State, Port-Harcourt",Port-Harcourt,Rivers State,350000000.0,enterprise,989.0,2.0,2.0,Furnished
"3bdrm Bungalow in Aluu, Port-Harcourt for sale","Rivers State, Port-Harcourt",Port-Harcourt,Rivers State,70000000.0,enterprise,465.0,3.0,3.0,Semi-Furnished
"4bdrm Duplex in Rumughaolu, Port-Harcourt for sale","Rivers State, Port-Harcourt",Port-Harcourt,Rivers State,130000000.0,enterprise,468.0,4.0,4.0,Unfurnished
"Furnished 5bdrm Duplex in Avana Estate, Port-Harcourt for sale","Rivers State, Port-Harcourt",Port-Harcourt,Rivers State,130000000.0,enterprise,320.0,5.0,5.0,Furnished
"2bdrm Block of Flats in Apara Link Off Nta, Port-Harcourt for sale","Rivers State, Port-Harcourt",Port-Harcourt,Rivers State,110000000.0,enterprise,465.0,2.0,2.0,Semi-Furnished
"3bdrm Duplex in Elelewon, Port-Harcourt for sale","Rivers State, Port-Harcourt",Port-Harcourt,Rivers State,200000000.0,enterprise,560.0,3.0,4.0,Semi-Furnished
4bdrm Duplex in Gudu for sale,"Abuja (FCT), Gudu",Gudu,Abuja (FCT),350000000.0,enterprise,450.0,4.0,5.0,Unfurnished
"5bdrm Duplex in In An Estate, By, Lokogoma for sale","Abuja (FCT), Lokogoma",Lokogoma,Abuja (FCT),380000000.0,enterprise,500.0,5.0,6.0,Unfurnished
6bdrm Duplex in Katampe Extension for sale,"Katampe, Katampe Extension",Katampe Extension,Katampe,1000000000.0,enterprise,800.0,6.0,5.0,Semi-Furnished
5bdrm Duplex in App Resettlement for sale,"Apo District, Apo Resettlement",Apo Resettlement,Apo District,450000000.0,enterprise,1200.0,5.0,6.0,Semi-Furnished
"7bdrm Duplex in Efab Metropolis, Gwarinpa for sale","Abuja (FCT), Gwarinpa",Gwarinpa,Abuja (FCT),500000000.0,enterprise,1000.0,7.0,5.0,Semi-Furnished
7bdrm Duplex in Asokoro Main Abuja for sale,"Abuja (FCT), Asokoro",Asokoro,Abuja (FCT),1500000000.0,enterprise,600.0,7.0,8.0,Semi-Furnished
4bdrm Duplex in Kado Abuja for sale,"Abuja (FCT), Kado",Kado,Abuja (FCT),350000000.0,enterprise,3000.0,4.0,5.0,Semi-Furnished
"Furnished 6bdrm Duplex in Agip Estate P/H, Port-Harcourt for sale","Rivers State, Port-Harcourt",Port-Harcourt,Rivers State,140000000.0,enterprise,498.0,6.0,6.0,Furnished
"4bdrm Duplex in Eneka, Port-Harcourt for sale","Rivers State, Port-Harcourt",Port-Harcourt,Rivers State,280000000.0,enterprise,500.0,4.0,4.0,Semi-Furnished
"5bdrm Duplex in Havana Estate Off, Port-Harcourt for sale","Rivers State, Port-Harcourt",Port-Harcourt,Rivers State,95000000.0,enterprise,490.0,5.0,5.0,Semi-Furnished
"Furnished 2bdrm Bungalow in Rumuodomaya, Port-Harcourt for sale","Rivers State, Port-Harcourt",Port-Harcourt,Rivers State,55000000.0,enterprise,230.0,2.0,3.0,Furnished
3bdrm Block of Flats in Woji Port Harcourt for sale,"Rivers State, Port-Harcourt",Port-Harcourt,Rivers State,130000000.0,enterprise,829.0,3.0,3.0,Semi-Furnished
"Furnished 3bdrm Bungalow in Haruk Estate Off Nta, Port-Harcourt","Rivers State, Port-Harcourt",Port-Harcourt,Rivers State,90000000.0,enterprise,460.0,3.0,4.0,Furnished
"2bdrm Block of Flats in Rumuomio, Port-Harcourt for sale","Rivers State, Port-Harcourt",Port-Harcourt,Rivers State,190000000.0,enterprise,896.0,2.0,2.0,Semi-Furnished
"7bdrm Duplex in Efab Metropolis, Karsana for sale","Gwagwa, Karsana",Karsana,Gwagwa,580000000.0,enterprise,1000.0,7.0,8.0,Semi-Furnished
5bdrm Duplex in Asokoro Main Abuja for sale,"Abuja (FCT), Asokoro",Asokoro,Abuja (FCT),1500000000.0,enterprise,1000.0,5.0,6.0,Semi-Furnished
3bdrm Bungalow in Efab Queens Estate for sale,"Abuja (FCT), Gwarinpa",Gwarinpa,Abuja (FCT),200000000.0,enterprise,530.0,3.0,4.0,Unfurnished
5bdrm Duplex in Asokoro Extension for sale,"Abuja (FCT), Asokoro",Asokoro,Abuja (FCT),750000000.0,enterprise,3000.0,5.0,5.0,Semi-Furnished
7bdrm Mansion in Guzape Main Abuja for sale,"Abuja (FCT), Guzape District",Guzape District,Abuja (FCT),2800000000.0,enterprise,1500.0,7.0,8.0,Semi-Furnished
"7bdrm Duplex in Efab Metropolis, Karsana for sale","Gwagwa, Karsana",Karsana,Gwagwa,500000000.0,enterprise,1000.0,7.0,8.0,Semi-Furnished
"4bdrm Duplex in Urban Shelter, Lokogoma for sale","Abuja (FCT), Lokogoma",Lokogoma,Abuja (FCT),130000000.0,enterprise,400.0,4.0,5.0,Semi-Furnished
4bdrm Duplex in Ajah Lagos for sale,"Lagos State, Ajah",Ajah,Lagos State,195000000.0,diamond,600.0,4.0,4.0,Semi-Furnished
2bdrm Apartment in Victoria Island for sale,"Lagos State, Victoria Island",Victoria Island,Lagos State,450000000.0,diamond,600.0,2.0,2.0,Semi-Furnished
"4bdrm Duplex in Diamond Estate Off, Port-Harcourt for sale","Rivers State, Port-Harcourt",Port-Harcourt,Rivers State,400000000.0,enterprise,420.0,4.0,4.0,Semi-Furnished
"6bdrm Duplex in Mercy Land Extension, Port-Harcourt for sale","Rivers State, Port-Harcourt",Port-Harcourt,Rivers State,350000000.0,enterprise,698.0,6.0,6.0,Semi-Furnished
"Furnished 5bdrm Duplex in Radio Estate Off Nta, Port-Harcourt for sale","Rivers State, Port-Harcourt",Port-Harcourt,Rivers State,120000000.0,enterprise,560.0,5.0,5.0,Furnished
"2bdrm Block of Flats in Psychiatric, Port-Harcourt for sale","Rivers State, Port-Harcourt",Port-Harcourt,Rivers State,85000000.0,enterprise,560.0,2.0,2.0,Semi-Furnished
"Furnished 3bdrm Block of Flats in Nkpolu Runuigbo, Port-Harcourt","Rivers State, Port-Harcourt",Port-Harcourt,Rivers State,320000000.0,enterprise,989.0,3.0,2.0,Furnished
"8bdrm Duplex in Army Renge Eneka, Port-Harcourt for sale","Rivers State, Port-Harcourt",Port-Harcourt,Rivers State,150000000.0,enterprise,920.0,8.0,8.0,Unfurnished
"Furnished 4bdrm Duplex in Eliozu-Eneka Link Rd, Port-Harcourt for sale","Rivers State, Port-Harcourt",Port-Harcourt,Rivers State,140000000.0,enterprise,465.0,4.0,4.0,Furnished
"2bdrm Block of Flats in Ada George P/H, Port-Harcourt for sale","Rivers State, Port-Harcourt",Port-Harcourt,Rivers State,320000000.0,enterprise,867.0,2.0,2.0,Semi-Furnished
"Furnished 4bdrm Bungalow in New Rd Off Ada, Port-Harcourt for sale","Rivers State, Port-Harcourt",Port-Harcourt,Rivers State,100000000.0,enterprise,920.0,4.0,5.0,Furnished
"4bdrm Duplex in River Park Estate, for sale","Abuja (FCT), Lugbe District",Lugbe District,Abuja (FCT),200000000.0,enterprise,600.0,4.0,5.0,Unfurnished
"3bdrm Bungalow in Hill View Estate, Life Camp for sale","Gwarinpa, Life Camp",Life Camp,Gwarinpa,190000000.0,enterprise,450.0,3.0,4.0,Unfurnished
"6bdrm Duplex in Aiben, Lugbe District for sale","Abuja (FCT), Lugbe District",Lugbe District,Abuja (FCT),190000000.0,enterprise,450.0,6.0,7.0,Unfurnished
5bdrm Duplex in Guzape Abuja for sale,"Abuja (FCT), Guzape District",Guzape District,Abuja (FCT),550000000.0,enterprise,600.0,5.0,5.0,Unfurnished
5bdrm Duplex in Efab Metropolis for sale,"Abuja (FCT), Gwarinpa",Gwarinpa,Abuja (FCT),380000000.0,enterprise,850.0,5.0,6.0,Semi-Furnished
"Furnished 9bdrm Duplex in 69 Road Gwarimpa, Gwarinpa for sale","Abuja (FCT), Gwarinpa",Gwarinpa,Abuja (FCT),750000000.0,enterprise,2000.0,9.0,5.0,Furnished
Furnished 3bdrm Apartment in Guzape Abuja for sale,"Abuja (FCT), Guzape District",Guzape District,Abuja (FCT),300000000.0,enterprise,2500.0,3.0,4.0,Furnished
"4bdrm Duplex in Orchid, Lekki for sale","Lagos State, Lekki",Lekki,Lagos State,150000000.0,diamond,300.0,4.0,4.0,Unfurnished
4bdrm Duplex in Orchid Lekki Lagos for sale,"Lagos State, Lekki",Lekki,Lagos State,220000000.0,diamond,600.0,4.0,4.0,Semi-Furnished
2bdrm Apartment in Ikate Lekki Lagos for sale,"Lekki, Ikate",Ikate,Lekki,145000000.0,diamond,500.0,2.0,2.0,Semi-Furnished
"4bdrm Bungalow in Nddc Estate Off, Port-Harcourt for sale","Rivers State, Port-Harcourt",Port-Harcourt,Rivers State,70000000.0,enterprise,478.0,4.0,4.0,Semi-Furnished
"Furnished 4bdrm Duplex in Radio Estate P/H, Port-Harcourt for sale","Rivers State, Port-Harcourt",Port-Harcourt,Rivers State,350000000.0,enterprise,560.0,4.0,4.0,Furnished
2bdrm Block of Flats in Rumuigbo Port for sale,"Rivers State, Port-Harcourt",Port-Harcourt,Rivers State,120000000.0,enterprise,690.0,2.0,2.0,Semi-Furnished
4bdrm Duplex in Gra Port Harcourt for sale,"Rivers State, Port-Harcourt",Port-Harcourt,Rivers State,180000000.0,enterprise,230.0,4.0,4.0,Semi-Furnished
"Furnished 2bdrm Block of Flats in Golf Estate, Port-Harcourt for sale","Rivers State, Port-Harcourt",Port-Harcourt,Rivers State,95000000.0,enterprise,1198.0,2.0,2.0,Furnished
"5bdrm Duplex in Opposite Jephthah, Port-Harcourt for sale","Rivers State, Port-Harcourt",Port-Harcourt,Rivers State,120000000.0,enterprise,980.0,5.0,5.0,Semi-Furnished
"Furnished 6bdrm Duplex in Woji Ph, Port-Harcourt for sale","Rivers State, Port-Harcourt",Port-Harcourt,Rivers State,220000000.0,enterprise,480.0,6.0,6.0,Furnished
"5bdrm Duplex in Amen Estate Corner, Port-Harcourt for sale","Rivers State, Port-Harcourt",Port-Harcourt,Rivers State,95000000.0,enterprise,460.0,5.0,5.0,Semi-Furnished
"4bdrm Bungalow in Nvigwe Woji Ph, Port-Harcourt for sale","Rivers State, Port-Harcourt",Port-Harcourt,Rivers State,95000000.0,enterprise,450.0,4.0,5.0,Semi-Furnished
"4bdrm Duplex in Sunrise Estate Off, Port-Harcourt for sale","Rivers State, Port-Harcourt",Port-Harcourt,Rivers State,150000000.0,enterprise,469.0,4.0,4.0,Semi-Furnished
"Furnished 4bdrm Duplex in Shell Co Operative, Port-Harcourt for sale","Rivers State, Port-Harcourt",Port-Harcourt,Rivers State,300000000.0,enterprise,500.0,4.0,4.0,Furnished
"3bdrm Penthouse in Ozuoba P/H, Port-Harcourt for sale","Rivers State, Port-Harcourt",Port-Harcourt,Rivers State,80000000.0,enterprise,465.0,3.0,3.0,Semi-Furnished
"2bdrm Block of Flats in Ceder Wood Estate, Port-Harcourt for sale","Rivers State, Port-Harcourt",Port-Harcourt,Rivers State,90000000.0,enterprise,468.0,2.0,2.0,Semi-Furnished
"Furnished 2bdrm Block of Flats in Eligbolo Estate, Port-Harcourt","Rivers State, Port-Harcourt",Port-Harcourt,Rivers State,160000000.0,enterprise,890.0,2.0,2.0,Furnished
"Furnished 5bdrm Duplex in Unity Estate Off, Port-Harcourt for sale","Rivers State, Port-Harcourt",Port-Harcourt,Rivers State,90000000.0,enterprise,500.0,5.0,5.0,Furnished
6bdrm Duplex in Guzape Abuja for sale,"Abuja (FCT), Guzape District",Guzape District,Abuja (FCT),850000000.0,enterprise,1000.0,6.0,7.0,Semi-Furnished
5bdrm Duplex in Guzape Main Abuja for sale,"Abuja (FCT), Guzape District",Guzape District,Abuja (FCT),550000000.0,enterprise,500.0,5.0,6.0,Semi-Furnished
2bdrm Apartment in Osapa london for sale,"Lekki, Osapa london",Osapa london,Lekki,150000000.0,diamond,300.0,2.0,2.0,Unfurnished
5bdrm Duplex in Lekki County Ikota for sale,"Lekki, Ikota",Ikota,Lekki,420000000.0,diamond,600.0,5.0,5.0,Semi-Furnished
"Furnished 6bdrm Duplex in Fàvour Estate Off, Port-Harcourt for sale","Rivers State, Port-Harcourt",Port-Harcourt,Rivers State,110000000.0,enterprise,780.0,6.0,7.0,Furnished
5bdrm Duplex in Osapa london for sale,"Lekki, Osapa london",Osapa london,Lekki,800000000.0,enterprise,500.0,5.0,5.0,Semi-Furnished
4bdrm Duplex in Asokoro for sale,"Abuja (FCT), Asokoro",Asokoro,Abuja (FCT),500000000.0,enterprise,3000.0,4.0,5.0,Unfurnished
6bdrm Duplex in Katampe Extension for sale,"Katampe, Katampe Extension",Katampe Extension,Katampe,550000000.0,enterprise,600.0,6.0,5.0,Semi-Furnished
Furnished 4bdrm Duplex in Karsana Gwarinpa for sale,"Abuja (FCT), Gwarinpa",Gwarinpa,Abuja (FCT),400000000.0,enterprise,700.0,4.0,5.0,Furnished
5bdrm Duplex in Ikota for sale,"Lekki, Ikota",Ikota,Lekki,600000000.0,diamond,400.0,5.0,5.0,Unfurnished
5bdrm House in Ikota Lekki for sale,"Lekki, Ikota",Ikota,Lekki,250000000.0,diamond,600.0,5.0,5.0,Semi-Furnished
"6bdrm Duplex in Lekki Lagos, Osapa london for sale","Lekki, Osapa london",Osapa london,Lekki,1300000000.0,diamond,600.0,6.0,6.0,Semi-Furnished
3bdrm Maisonette in Victoria Island for sale,"Lagos State, Victoria Island",Victoria Island,Lagos State,450000000.0,diamond,500.0,3.0,3.0,Unfurnished
"Furnished 5bdrm Duplex in Eliozu P/H, Port-Harcourt for sale","Rivers State, Port-Harcourt",Port-Harcourt,Rivers State,200000000.0,enterprise,560.0,5.0,5.0,Furnished
"6bdrm Duplex in Mercyland Extension, Port-Harcourt for sale","Rivers State, Port-Harcourt",Port-Harcourt,Rivers State,300000000.0,enterprise,569.0,6.0,6.0,Semi-Furnished
"Furnished 4bdrm Duplex in Minita Estate, Port-Harcourt for sale","Rivers State, Port-Harcourt",Port-Harcourt,Rivers State,200000000.0,enterprise,465.0,4.0,5.0,Furnished
"4bdrm Bungalow in Eliozu Farm Rd, Port-Harcourt for sale","Rivers State, Port-Harcourt",Port-Harcourt,Rivers State,120000000.0,enterprise,590.0,4.0,5.0,Semi-Furnished
"Furnished 4bdrm Bungalow in Nvigwe Estate Off, Port-Harcourt for sale","Rivers State, Port-Harcourt",Port-Harcourt,Rivers State,85000000.0,enterprise,465.0,4.0,5.0,Furnished
"4bdrm Duplex in Akwa Estate, Port-Harcourt for sale","Rivers State, Port-Harcourt",Port-Harcourt,Rivers State,130000000.0,enterprise,350.0,4.0,5.0,Semi-Furnished
"4bdrm Duplex in Reef Court Estate, Port-Harcourt for sale","Rivers State, Port-Harcourt",Port-Harcourt,Rivers State,200000000.0,enterprise,450.0,4.0,4.0,Semi-Furnished
"Furnished 1bdrm Block of Flats in Rumualogu Ozuoba Off, Port-Harcourt","Rivers State, Port-Harcourt",Port-Harcourt,Rivers State,40000000.0,enterprise,470.0,1.0,1.0,Furnished
"5bdrm Duplex in Runuodara, Port-Harcourt for sale","Rivers State, Port-Harcourt",Port-Harcourt,Rivers State,150000000.0,enterprise,980.0,5.0,5.0,Semi-Furnished
5bdrm Mansion in Asokoro Main for sale,"Abuja (FCT), Asokoro",Asokoro,Abuja (FCT),3500000000.0,enterprise,1200.0,5.0,5.0,Semi-Furnished
"4bdrm Duplex in Jahi By Gilmore, Jabi for sale","Abuja (FCT), Jabi",Jabi,Abuja (FCT),450000000.0,enterprise,2000.0,4.0,5.0,Semi-Furnished
5bdrm Duplex in Katampe Extension for sale,"Katampe, Katampe Extension",Katampe Extension,Katampe,800000000.0,enterprise,600.0,5.0,6.0,Semi-Furnished
Furnished 5bdrm Duplex in Wuye Abuja for sale,"Abuja (FCT), Wuye",Wuye,Abuja (FCT),750000000.0,enterprise,,5.0,5.0,Furnished
5bdrm Duplex in Asokoro Abuja for sale,"Abuja (FCT), Asokoro",Asokoro,Abuja (FCT),750000000.0,enterprise,600.0,5.0,6.0,Semi-Furnished
5bdrm Duplex in Asokoro Abuja for sale,"Abuja (FCT), Asokoro",Asokoro,Abuja (FCT),1000000000.0,enterprise,2500.0,5.0,6.0,Semi-Furnished
7bdrm Duplex in Asokoro Main for sale,"Abuja (FCT), Asokoro",Asokoro,Abuja (FCT),3500000000.0,enterprise,1200.0,7.0,5.0,Semi-Furnished
5bdrm Duplex in Guzape District for sale,"Abuja (FCT), Guzape District",Guzape District,Abuja (FCT),990000000.0,enterprise,1200.0,5.0,6.0,Semi-Furnished
"7bdrm Duplex in Efab Metropolis, Gwarinpa for sale","Abuja (FCT), Gwarinpa",Gwarinpa,Abuja (FCT),500000000.0,enterprise,1000.0,7.0,8.0,Semi-Furnished
5bdrm Duplex in Lekki Phase 1 Lagos for sale,"Lekki, Lekki Phase 1",Lekki Phase 1,Lekki,1500000000.0,diamond,600.0,5.0,5.0,Semi-Furnished
4bdrm Duplex in Chevron Lekki Lagos for sale,"Lekki, Chevron",Chevron,Lekki,320000000.0,diamond,500.0,4.0,4.0,Semi-Furnished
2bdrm Apartment in Allen Ikeja Lagos for sale,"Lagos State, Ikeja",Ikeja,Lagos State,150000000.0,diamond,500.0,2.0,2.0,Unfurnished
"3bdrm Duplex in Shell Co Operative, Port-Harcourt for sale","Rivers State, Port-Harcourt",Port-Harcourt,Rivers State,250000000.0,enterprise,498.0,3.0,3.0,Semi-Furnished
"2bdrm Block of Flats in Nacon Estate Off, Uzoba for sale","Port-Harcourt, Uzoba",Uzoba,Port-Harcourt,55000000.0,enterprise,465.0,2.0,2.0,Semi-Furnished
"4bdrm Bungalow in Opposite Coil Nta Rd, Port-Harcourt for sale","Rivers State, Port-Harcourt",Port-Harcourt,Rivers State,70000000.0,enterprise,890.0,4.0,5.0,Semi-Furnished
"Furnished 3bdrm Bungalow in Igwuruta, Port-Harcourt for sale","Rivers State, Port-Harcourt",Port-Harcourt,Rivers State,45000000.0,enterprise,469.0,3.0,3.0,Furnished
"4bdrm Bungalow in Orji Estate Off Ada, Port-Harcourt for sale","Rivers State, Port-Harcourt",Port-Harcourt,Rivers State,95000000.0,enterprise,980.0,4.0,5.0,Semi-Furnished
"Furnished 2bdrm Block of Flats in Rumuoke, Port-Harcourt for sale","Rivers State, Port-Harcourt",Port-Harcourt,Rivers State,80000000.0,enterprise,460.0,2.0,3.0,Furnished
"4bdrm Duplex in Akwaka Estate Off, Port-Harcourt for sale","Rivers State, Port-Harcourt",Port-Harcourt,Rivers State,180000000.0,enterprise,460.0,4.0,5.0,Semi-Furnished
Furnished 4bdrm Duplex in Nvigwe Estate Woji for sale,"Rivers State, Port-Harcourt",Port-Harcourt,Rivers State,170000000.0,enterprise,560.0,4.0,4.0,Furnished
"4bdrm Duplex in Gra Phase 1, Port-Harcourt for sale","Rivers State, Port-Harcourt",Port-Harcourt,Rivers State,250000000.0,enterprise,750.0,4.0,5.0,Semi-Furnished
"Furnished 5bdrm Duplex in Peter Odili, Port-Harcourt for sale","Rivers State, Port-Harcourt",Port-Harcourt,Rivers State,250000000.0,enterprise,489.0,5.0,5.0,Furnished
"5bdrm Duplex in Efab Metropolis, Gwarinpa for sale","Abuja (FCT), Gwarinpa",Gwarinpa,Abuja (FCT),400000000.0,enterprise,750.0,5.0,5.0,Semi-Furnished
4bdrm Duplex in Jabi Water Front for sale,"Abuja (FCT), Jabi",Jabi,Abuja (FCT),650000000.0,enterprise,2400.0,4.0,5.0,Semi-Furnished
"5bdrm Duplex in Lekki Lagos, Chevron for sale","Lekki, Chevron",Chevron,Lekki,500000000.0,diamond,600.0,5.0,5.0,Semi-Furnished
"2bdrm Apartment in Lekki Lagos, Ikate for sale","Lekki, Ikate",Ikate,Lekki,260000000.0,diamond,500.0,2.0,2.0,Semi-Furnished
"2bdrm Block of Flats in Unity Estate Off, Port-Harcourt for sale","Rivers State, Port-Harcourt",Port-Harcourt,Rivers State,185000000.0,enterprise,968.0,2.0,2.0,Semi-Furnished
"2bdrm Duplex in Eliozu, Port-Harcourt for sale","Rivers State, Port-Harcourt",Port-Harcourt,Rivers State,400000000.0,enterprise,1395.0,2.0,2.0,Semi-Furnished
"Furnished 5bdrm Duplex in Alin Estate, Port-Harcourt for sale","Rivers State, Port-Harcourt",Port-Harcourt,Rivers State,95000000.0,enterprise,460.0,5.0,5.0,Furnished
"4bdrm Duplex in New Rd Off Ada, Port-Harcourt for sale","Rivers State, Port-Harcourt",Port-Harcourt,Rivers State,140000000.0,enterprise,520.0,4.0,5.0,Semi-Furnished
"3bdrm Block of Flats in Eliaparawon Off Ada, Port-Harcourt for sale","Rivers State, Port-Harcourt",Port-Harcourt,Rivers State,150000000.0,enterprise,1380.0,3.0,3.0,Semi-Furnished
"1bdrm Apartment in Machine Street, Port-Harcourt for sale","Rivers State, Port-Harcourt",Port-Harcourt,Rivers State,75000000.0,enterprise,460.0,1.0,1.0,Semi-Furnished
"2bdrm Block of Flats in Ada George, Port-Harcourt for sale","Rivers State, Port-Harcourt",Port-Harcourt,Rivers State,60000000.0,enterprise,465.0,2.0,3.0,Semi-Furnished
"Furnished 6bdrm Duplex in Kado, Abuja. for sale","Abuja (FCT), Kado",Kado,Abuja (FCT),800000000.0,diamond,1000.0,6.0,6.0,Furnished
5bdrm Duplex in Orchid Lekki Lagos for sale,"Lagos State, Lekki",Lekki,Lagos State,330000000.0,diamond,600.0,5.0,5.0,Semi-Furnished
5bdrm Duplex in Ologolo for sale,"Lekki, Ologolo",Ologolo,Lekki,300000000.0,diamond,300.0,5.0,5.0,Unfurnished
4bdrm House in Osapa London Lekki for sale,"Lekki, Osapa london",Osapa london,Lekki,420000000.0,diamond,600.0,4.0,4.0,Semi-Furnished
"2bdrm Block of Flats in Road 24 Agip Estate, Port-Harcourt for sale","Rivers State, Port-Harcourt",Port-Harcourt,Rivers State,150000000.0,enterprise,460.0,2.0,3.0,Semi-Furnished
"2bdrm Block of Flats in Sars Rd, Port-Harcourt for sale","Rivers State, Port-Harcourt",Port-Harcourt,Rivers State,100000000.0,enterprise,520.0,2.0,3.0,Semi-Furnished
"Furnished 5bdrm Duplex in Sars Road Ph, Port-Harcourt for sale","Rivers State, Port-Harcourt",Port-Harcourt,Rivers State,180000000.0,enterprise,920.0,5.0,5.0,Furnished
"Furnished 6bdrm Duplex in Stadium Rd, Port-Harcourt for sale","Rivers State, Port-Harcourt",Port-Harcourt,Rivers State,350000000.0,enterprise,698.0,6.0,6.0,Furnished
"Furnished 4bdrm Duplex in Sars Road Off, Port-Harcourt for sale","Rivers State, Port-Harcourt",Port-Harcourt,Rivers State,120000000.0,enterprise,350.0,4.0,5.0,Furnished
3bdrm Block of Flats in Wuye District for sale,"Abuja (FCT), Wuye",Wuye,Abuja (FCT),150000000.0,False,3000.0,3.0,5.0,Unfurnished
6bdrm Duplex in Wuye for sale,"Abuja (FCT), Wuye",Wuye,Abuja (FCT),700000000.0,False,700.0,6.0,8.0,Semi-Furnished
Furnished 5bdrm Duplex in Chevron Lekki Lagos for sale,"Lekki, Chevron",Chevron,Lekki,650000000.0,diamond,600.0,5.0,5.0,Furnished
5bdrm Duplex in Ikota Lekki County for sale,"Lekki, Ikota",Ikota,Lekki,350000000.0,diamond,500.0,5.0,5.0,Semi-Furnished
"3bdrm Maisonette in River Park Estate, Lugbe District for sale","Abuja (FCT), Lugbe District",Lugbe District,Abuja (FCT),130000000.0,False,200.0,3.0,4.0,Unfurnished
Furnished 4bdrm Duplex in Ologolo Lekki for sale,"Lekki, Ologolo",Ologolo,Lekki,200000000.0,diamond,600.0,4.0,5.0,Furnished
4bdrm Duplex in Katampe Main Fct for sale,"Katampe, Katampe (Main)",Katampe (Main),Katampe,250000000.0,diamond,400.0,4.0,4.0,Unfurnished
4bdrm Duplex in Ajah Lekki Lagos for sale,"Lagos State, Ajah",Ajah,Lagos State,175000000.0,diamond,500.0,4.0,4.0,Semi-Furnished
"5bdrm Duplex in Royal Garden Estate, Ajah for sale","Lagos State, Ajah",Ajah,Lagos State,550000000.0,diamond,500.0,5.0,5.0,Semi-Furnished
3bdrm Block of Flats in Wuye for sale,"Abuja (FCT), Wuye",Wuye,Abuja (FCT),75000000.0,False,1000.0,3.0,4.0,Unfurnished
5bdrm House in Katampe Extension for sale,"Katampe, Katampe Extension",Katampe Extension,Katampe,950000000.0,False,1000.0,5.0,5.0,Semi-Furnished
"4bdrm Duplex in Elite Road, Idi-Aba, Abeokuta South for sale","Ogun State, Abeokuta South",Abeokuta South,Ogun State,55000000.0,enterprise,500.0,4.0,4.0,Unfurnished
Furnished 5bdrm Duplex in Adeniyi Jones for sale,"Ikeja, Adeniyi Jones",Adeniyi Jones,Ikeja,600000000.0,diamond,600.0,5.0,5.0,Furnished
10bdrm Block of Flats in Kubwa F01 for sale,"Abuja (FCT), Kubwa",Kubwa,Abuja (FCT),160000000.0,diamond,500.0,10.0,12.0,Unfurnished
5bdrm Duplex in Lekki Lagos for sale,"Lagos State, Lekki",Lekki,Lagos State,330000000.0,diamond,600.0,5.0,5.0,Semi-Furnished
4bdrm Duplex in Ikota Lekki Lagos for sale,"Lekki, Ikota",Ikota,Lekki,145000000.0,diamond,500.0,4.0,4.0,Semi-Furnished
Furnished 2bdrm Apartment in Victoria Island for sale,"Lagos State, Victoria Island",Victoria Island,Lagos State,260000000.0,diamond,600.0,2.0,2.0,Furnished
"5bdrm Duplex in Airforce Estate, Akobo for sale","Ibadan, Akobo",Akobo,Ibadan,210000000.0,enterprise,600.0,5.0,5.0,Semi-Furnished
Furnished 20bdrm Maisonette in Wuse Zone 4 for sale,"Wuse, Zone 4 / Wuse",Zone 4 / Wuse,Wuse,15000000000.0,False,2074.0,20.0,20.0,Furnished
3bdrm Apartment in Life Camp Abuja for sale,"Gwarinpa, Life Camp",Life Camp,Gwarinpa,97000000.0,diamond,500.0,3.0,3.0,Unfurnished
5bdrm Duplex in Jahi District for sale,"Abuja (FCT), Jahi",Jahi,Abuja (FCT),480000000.0,False,2500.0,5.0,6.0,Unfurnished
3bdrm Penthouse in Ikate for sale,"Lekki, Ikate",Ikate,Lekki,250000000.0,diamond,200.0,3.0,3.0,Semi-Furnished
2bdrm Apartment in Ikate for sale,"Lekki, Ikate",Ikate,Lekki,180000000.0,diamond,150.0,2.0,2.0,Semi-Furnished
Furnished 2bdrm Apartment in Igbo Efon Lekki for sale,"Lekki, Igbo-efon",Igbo-efon,Lekki,100000000.0,diamond,600.0,2.0,2.0,Furnished
Furnished 1bdrm Apartment in Sangotedo Ajah for sale,"Ajah, Sangotedo",Sangotedo,Ajah,39000000.0,diamond,600.0,1.0,1.0,Furnished
Furnished 5bdrm Duplex in Lekki County Homes for sale,"Lagos State, Lekki",Lekki,Lagos State,600000000.0,diamond,600.0,5.0,5.0,Furnished
Furnished 2bdrm Penthouse in Chevron Tollgate for sale,"Lekki, Chevron",Chevron,Lekki,130000000.0,diamond,600.0,2.0,2.0,Furnished
5bdrm Duplex in Vgc Lekki Lagos for sale,"Lagos State, Lekki",Lekki,Lagos State,850000000.0,diamond,600.0,5.0,5.0,Semi-Furnished
5bdrm Duplex in Ikota Lekki for sale,"Lekki, Ikota",Ikota,Lekki,420000000.0,diamond,500.0,5.0,5.0,Semi-Furnished
4bdrm Duplex in Ogba for sale,"Lagos State, Ogba",Ogba,Lagos State,260000000.0,diamond,400.0,4.0,4.0,Unfurnished
"Furnished 4bdrm Duplex in Megamond Estate, Ikota for sale","Lekki, Ikota",Ikota,Lekki,300000000.0,False,400.0,4.0,4.0,Furnished
5bdrm Duplex in Utako District for sale,"Abuja (FCT), Utako",Utako,Abuja (FCT),1000000000.0,False,500.0,5.0,6.0,Semi-Furnished
Furnished 4bdrm Duplex in Orchid Lekki Lagos for sale,"Lekki, Lekki Phase 1",Lekki Phase 1,Lekki,300000000.0,diamond,600.0,4.0,4.0,Furnished
"2bdrm Apartment in Sangotedo, Ajah for sale","Lagos State, Ajah",Ajah,Lagos State,55000000.0,diamond,500.0,2.0,2.0,Unfurnished
5bdrm Duplex in Lekki County Ikota for sale,"Lekki, Ikota",Ikota,Lekki,600000000.0,diamond,600.0,5.0,5.0,Semi-Furnished
"4bdrm Duplex in Orchid, Lekki for sale","Lagos State, Lekki",Lekki,Lagos State,230000000.0,diamond,400.0,4.0,4.0,Unfurnished
Furnished 5bdrm Duplex in Ikate Lekki Lagos for sale,"Lekki, Ikate",Ikate,Lekki,1700000000.0,diamond,600.0,5.0,5.0,Furnished
Furnished 5bdrm Duplex in Osapa London Lekki for sale,"Lagos State, Lekki",Lekki,Lagos State,450000000.0,diamond,600.0,5.0,5.0,Furnished
3bdrm Bungalow in Basorun Housing for sale,"Ibadan, Basorun",Basorun,Ibadan,110000000.0,enterprise,450.0,3.0,3.0,Semi-Furnished
5bdrm Duplex in Ajah for sale,"Lagos State, Ajah",Ajah,Lagos State,260000000.0,diamond,600.0,5.0,5.0,Semi-Furnished
2bdrm Duplex in Orchid Lekki Lagos for sale,"Lagos State, Lekki",Lekki,Lagos State,100000000.0,diamond,500.0,2.0,2.0,Semi-Furnished
"5bdrm Duplex in Royal Garden Estate, Ajah for sale","Lagos State, Ajah",Ajah,Lagos State,650000000.0,diamond,600.0,5.0,5.0,Semi-Furnished
6bdrm Mansion in Banana Island for sale,"Ikoyi, Banana Island",Banana Island,Ikoyi,9000000000.0,diamond,600.0,6.0,6.0,Semi-Furnished
2bdrm Apartment in Ikate Lekki Lagos for sale,"Lekki, Ikate",Ikate,Lekki,200000000.0,diamond,600.0,2.0,2.0,Semi-Furnished
Furnished 1bdrm Apartment in Lekki Phase 1 for sale,"Lekki, Lekki Phase 1",Lekki Phase 1,Lekki,170000000.0,diamond,350.0,1.0,1.0,Furnished
"Furnished 2bdrm Apartment in Ologolo Lekki Lagos, Ikota for sale","Lekki, Ikota",Ikota,Lekki,95000000.0,diamond,600.0,2.0,2.0,Furnished
"Furnished 5bdrm Duplex in Vgc Lekki Lagos, Victoria Island for sale","Lagos State, Victoria Island",Victoria Island,Lagos State,420000000.0,diamond,600.0,5.0,5.0,Furnished
Furnished 5bdrm Duplex in Lekki Phase 1 Lagos for sale,"Lekki, Lekki Phase 1",Lekki Phase 1,Lekki,850000000.0,diamond,600.0,5.0,5.0,Furnished
4bdrm Duplex in Chevron  Lekki Lagos for sale,"Lekki, Chevron",Chevron,Lekki,230000000.0,diamond,1200.0,4.0,4.0,Semi-Furnished
"12bdrm Duplex in Doctor'S Street, Oshimili South for sale","Delta State, Oshimili South",Oshimili South,Delta State,200000000.0,False,700.0,12.0,15.0,Unfurnished
4bdrm Duplex in Lias Estate Lifecamp for sale,"Gwarinpa, Life Camp",Life Camp,Gwarinpa,280000000.0,diamond,700.0,4.0,4.0,Unfurnished
5bdrm House in Maitama Abuja for sale,"Abuja (FCT), Maitama",Maitama,Abuja (FCT),2500000000.0,diamond,600.0,5.0,5.0,Semi-Furnished
5bdrm Duplex in Osapa London Lekki for sale,"Lekki, Osapa london",Osapa london,Lekki,1350000000.0,diamond,600.0,5.0,5.0,Semi-Furnished
5bdrm Duplex in Osapa London Lekki for sale,"Lekki, Osapa london",Osapa london,Lekki,900000000.0,diamond,600.0,5.0,5.0,Semi-Furnished
5bdrm Duplex in Katampe Extension for sale,"Abuja (FCT), Katampe",Katampe,Abuja (FCT),700000000.0,False,800.0,5.0,6.0,Semi-Furnished
5bdrm Duplex in Utako District for sale,"Abuja (FCT), Utako",Utako,Abuja (FCT),730000000.0,False,400.0,5.0,6.0,Unfurnished
"4bdrm Duplex in Federal Housing, Osogbo for sale","Osun State, Osogbo",Osogbo,Osun State,80000000.0,diamond,1000.0,4.0,5.0,Unfurnished
"4bdrm Duplex in Inside Estate, Maryland for sale","Lagos State, Maryland",Maryland,Lagos State,290000000.0,diamond,250.0,4.0,4.0,Unfurnished
"4bdrm Duplex in Inside An Estate, Gbagada for sale","Lagos State, Gbagada",Gbagada,Lagos State,310000000.0,diamond,280.0,4.0,4.0,Unfurnished
4bdrm Bungalow in Lasustech First Gate for sale,"Lagos State, Ikorodu",Ikorodu,Lagos State,35000000.0,diamond,649.0,4.0,4.0,Unfurnished
"2bdrm Bungalow in In A Good Location, Igando / Ikotun/Igando for sale","Ikotun/Igando, Igando / Ikotun/Igando",Igando / Ikotun/Igando,Ikotun/Igando,45000000.0,diamond,649.0,2.0,2.0,Unfurnished
"5bdrm Mansion in Hosana Estate, Ago Palace for sale","Isolo, Ago Palace",Ago Palace,Isolo,360000000.0,diamond,650.0,5.0,5.0,Unfurnished
"4bdrm Duplex in In A Secure Location, Anthony Village for sale","Maryland, Anthony Village",Anthony Village,Maryland,210000000.0,diamond,350.0,4.0,4.0,Unfurnished
"2bdrm Apartment in Inside An Estate, Ipaja for sale","Lagos State, Ipaja",Ipaja,Lagos State,50000000.0,diamond,150.0,2.0,2.0,Unfurnished
"5bdrm Duplex in Inside An Estate In, Ikota for sale","Lekki, Ikota",Ikota,Lekki,680000000.0,diamond,380.0,5.0,5.0,Unfurnished
"3bdrm Block of Flats in Greenland Estate, Iseri Olofin for sale","Alimosho, Iseri Olofin",Iseri Olofin,Alimosho,200000000.0,diamond,640.0,3.0,3.0,Unfurnished
"4bdrm Duplex in In An Estate, GRA Phase 1 for sale","Magodo, GRA Phase 1",GRA Phase 1,Magodo,400000000.0,diamond,300.0,4.0,4.0,Unfurnished
"4bdrm Duplex in In An Estate, Ogudu GRA for sale","Ogudu, Ogudu GRA",Ogudu GRA,Ogudu,500000000.0,diamond,320.0,4.0,4.0,Unfurnished
Furnished 4bdrm Duplex in Ikota Lekki Lagos for sale,"Lekki, Ikota",Ikota,Lekki,144000000.0,diamond,600.0,4.0,4.0,Furnished
"Furnished 5bdrm Duplex in Ologolo  Lekki , Ajah for sale","Lagos State, Ajah",Ajah,Lagos State,420000000.0,diamond,600.0,5.0,5.0,Furnished
Furnished 4bdrm Duplex in Ikota Lekki  Lagos for sale,"Lagos State, Lekki",Lekki,Lagos State,142000000.0,diamond,600.0,4.0,4.0,Furnished
"2bdrm Block of Flats in Abiola Estate, Ayobo for sale","Ipaja, Ayobo",Ayobo,Ipaja,70000000.0,diamond,500.0,2.0,2.0,Unfurnished
"4bdrm Duplex in Inside An Estate, Opebi for sale","Ikeja, Opebi",Opebi,Ikeja,490000000.0,diamond,300.0,4.0,4.0,Unfurnished
"4bdrm Maisonette in In An Estate, Opebi for sale","Ikeja, Opebi",Opebi,Ikeja,420000000.0,diamond,250.0,4.0,4.0,Unfurnished
"4bdrm Duplex in Inside An Estate, Alausa for sale","Ikeja, Alausa",Alausa,Ikeja,400000000.0,diamond,250.0,4.0,4.0,Unfurnished
5bdrm Duplex in Peninsula Estate for sale,"Ajah, Peninsula Estate",Peninsula Estate,Ajah,400000000.0,diamond,500.0,5.0,5.0,Semi-Furnished
4bdrm Duplex in Ikota for sale,"Lekki, Ikota",Ikota,Lekki,180000000.0,diamond,200.0,4.0,4.0,Semi-Furnished
3bdrm Block of Flats in Lekki Phase 1 Lekki for sale,"Lekki, Lekki Phase 1",Lekki Phase 1,Lekki,500000000.0,diamond,600.0,3.0,3.0,Semi-Furnished
4bdrm Duplex in Jahi By Gilmore for sale,"Abuja (FCT), Jahi",Jahi,Abuja (FCT),420000000.0,False,400.0,4.0,5.0,Semi-Furnished
"20bdrm Block of Flats in Power Line A Stone, Osogbo for sale","Osun State, Osogbo",Osogbo,Osun State,75000000.0,diamond,900.0,20.0,20.0,Unfurnished
"4bdrm Duplex in In An Estate, Ogudu GRA for sale","Ogudu, Ogudu GRA",Ogudu GRA,Ogudu,600000000.0,diamond,250.0,4.0,4.0,Unfurnished
"4bdrm Duplex in Inside An Estate, Ogba for sale","Lagos State, Ogba",Ogba,Lagos State,320000000.0,diamond,350.0,4.0,4.0,Unfurnished
"4bdrm Bungalow in In A Secure And, Oshimili South for sale","Delta State, Oshimili South",Oshimili South,Delta State,150000000.0,diamond,500.0,4.0,4.0,Unfurnished
"2bdrm Apartment in Secure Estate, Surulere for sale","Lagos State, Surulere",Surulere,Lagos State,105000000.0,diamond,190.0,2.0,2.0,Unfurnished
3bdrm Apartment in Ikeja for sale,"Lagos State, Ikeja",Ikeja,Lagos State,160000000.0,diamond,190.0,3.0,3.0,Unfurnished
4bdrm Duplex in GRA Phase 2 Shangisha for sale,"Magodo, GRA Phase 2 Shangisha",GRA Phase 2 Shangisha,Magodo,380000000.0,diamond,400.0,4.0,4.0,Unfurnished
"3bdrm Block of Flats in Ikotun, Governors Road for sale","Ikotun/Igando, Governors Road",Governors Road,Ikotun/Igando,120000000.0,diamond,640.0,3.0,3.0,Unfurnished
2bdrm Block of Flats in First Avenue Ikorodu for sale,"Lagos State, Ikorodu",Ikorodu,Lagos State,35000000.0,diamond,650.0,2.0,2.0,Unfurnished
"2bdrm Block of Flats in In A Secure, Egbeda for sale","Alimosho, Egbeda",Egbeda,Alimosho,130000000.0,diamond,700.0,2.0,2.0,Unfurnished
Furnished 2bdrm Block of Flats in Ajao Estate for sale,"Isolo, Ajao Estate",Ajao Estate,Isolo,900000000.0,diamond,550.0,2.0,2.0,Furnished
"4bdrm Duplex in In A Serene Gated, Fagba for sale","Agege, Fagba",Fagba,Agege,240000000.0,diamond,300.0,4.0,4.0,Unfurnished
"3bdrm Duplex in Villa De Paradis, Katampe Extension for sale","Katampe, Katampe Extension",Katampe Extension,Katampe,130000000.0,diamond,200.0,3.0,4.0,Unfurnished
4bdrm Maisonette in Guzape for sale,"Abuja (FCT), Guzape District",Guzape District,Abuja (FCT),280000000.0,diamond,250.0,4.0,5.0,Unfurnished
4bdrm Duplex in Berger for sale,"Ojodu, Berger",Berger,Ojodu,290000000.0,diamond,400.0,4.0,4.0,Unfurnished
5bdrm Duplex in Banana Island Lagos for sale,"Ikoyi, Banana Island",Banana Island,Ikoyi,1600000000.0,diamond,500.0,5.0,5.0,Semi-Furnished
"3bdrm Apartment in In An Estate, Ikate for sale","Lekki, Ikate",Ikate,Lekki,260000000.0,diamond,210.0,3.0,3.0,Unfurnished
"3bdrm Bungalow in In A Serene & Secure, Iyana Ipaja for sale","Ipaja, Iyana Ipaja",Iyana Ipaja,Ipaja,90000000.0,diamond,350.0,3.0,3.0,Unfurnished
"4bdrm Duplex in Inside An Estate, Ogudu GRA for sale","Ogudu, Ogudu GRA",Ogudu GRA,Ogudu,300000000.0,diamond,250.0,4.0,4.0,Unfurnished
"5bdrm Duplex in Inside A Gated, Omole Phase 2 for sale","Ikeja, Omole Phase 2",Omole Phase 2,Ikeja,800000000.0,diamond,300.0,5.0,5.0,Unfurnished
"4bdrm Duplex in Secure Estate, Ogombo for sale","Ajah, Ogombo",Ogombo,Ajah,90000000.0,diamond,300.0,4.0,4.0,Unfurnished
4bdrm Duplex in Lokogoma. for sale,"Abuja (FCT), Lokogoma",Lokogoma,Abuja (FCT),220000000.0,premium,500.0,4.0,5.0,Semi-Furnished
Furnished 2bdrm Apartment in Lekki Phase 1 Lagos for sale,"Lagos State, Lekki",Lekki,Lagos State,330000000.0,diamond,600.0,2.0,2.0,Furnished
12bdrm Block of Flats in Egbeda for sale,"Alimosho, Egbeda",Egbeda,Alimosho,230000000.0,diamond,1300.0,12.0,12.0,Semi-Furnished
"3bdrm Bungalow in Behind Cedarcrest, Zone B for sale","Apo District, Zone B",Zone B,Apo District,135000000.0,diamond,500.0,3.0,3.0,Unfurnished
4bdrm Duplex in Lifecamp for sale,"Gwarinpa, Life Camp",Life Camp,Gwarinpa,220000000.0,diamond,280.0,4.0,4.0,Unfurnished
3bdrm Apartment in Lekki Lagos State for sale,"Lekki, Lekki Phase 1",Lekki Phase 1,Lekki,420000000.0,diamond,600.0,3.0,3.0,Semi-Furnished
"3bdrm Block of Flats in Good Location, Ijegun for sale","Ikotun/Igando, Ijegun",Ijegun,Ikotun/Igando,75000000.0,diamond,648.0,3.0,3.0,Unfurnished
"3bdrm Duplex in Inside An Estate, Sangotedo for sale","Ajah, Sangotedo",Sangotedo,Ajah,80000000.0,diamond,200.0,3.0,3.0,Unfurnished
"4bdrm Duplex in In A Gated Estate, Surulere for sale","Lagos State, Surulere",Surulere,Lagos State,420000000.0,diamond,250.0,4.0,4.0,Unfurnished
"5bdrm Duplex in Magodo, GRA Phase 2 Shangisha for sale","Magodo, GRA Phase 2 Shangisha",GRA Phase 2 Shangisha,Magodo,750000000.0,diamond,350.0,5.0,5.0,Unfurnished
"5bdrm Duplex in Lagos, Maryland for sale","Lagos State, Maryland",Maryland,Lagos State,550000000.0,diamond,250.0,5.0,5.0,Unfurnished
"5bdrm Duplex in In A Secure Area, Surulere for sale","Lagos State, Surulere",Surulere,Lagos State,500000000.0,diamond,250.0,5.0,5.0,Unfurnished
"3bdrm Apartment in Inside An Estate, Omole Phase 1 for sale","Ikeja, Omole Phase 1",Omole Phase 1,Ikeja,200000000.0,diamond,200.0,3.0,3.0,Unfurnished
Furnished 4bdrm Duplex in Osapa London for sale,"Lekki, Osapa london",Osapa london,Lekki,360000000.0,diamond,600.0,4.0,4.0,Furnished
"20bdrm Block of Flats in Infant Jesus, Asaba, Oshimili South for sale","Delta State, Oshimili South",Oshimili South,Delta State,200000000.0,False,1000.0,20.0,20.0,Unfurnished
"6bdrm Block of Flats in New London Estate, Baruwa for sale","Ipaja, Baruwa",Baruwa,Ipaja,70000000.0,diamond,650.0,6.0,6.0,Semi-Furnished
5bdrm Duplex in Agungi Lekki for sale,"Lekki, Agungi",Agungi,Lekki,350000000.0,diamond,500.0,5.0,5.0,Semi-Furnished
4bdrm Duplex in Lekki Lagos for sale,"Lagos State, Lekki",Lekki,Lagos State,180000000.0,diamond,500.0,4.0,4.0,Semi-Furnished
"4bdrm Duplex in Inside An Estate, Omole Phase 2 for sale","Ikeja, Omole Phase 2",Omole Phase 2,Ikeja,450000000.0,diamond,220.0,4.0,4.0,Unfurnished
"5bdrm Duplex in Inside An Estate, GRA Phase 2 Shangisha for sale","Magodo, GRA Phase 2 Shangisha",GRA Phase 2 Shangisha,Magodo,550000000.0,diamond,300.0,5.0,5.0,Unfurnished
"5bdrm Duplex in High Castle Estate, Ipaja for sale","Lagos State, Ipaja",Ipaja,Lagos State,210000000.0,diamond,500.0,5.0,5.0,Unfurnished
2bdrm Apartment in Ilupeju Estate Off for sale,"Ikorodu, Ijede / Ikorodu",Ijede / Ikorodu,Ikorodu,30000000.0,diamond,324.0,2.0,2.0,Unfurnished
"4bdrm Duplex in Inside An Estate, Opebi for sale","Ikeja, Opebi",Opebi,Ikeja,340000000.0,diamond,270.0,4.0,4.0,Unfurnished
"3bdrm Apartment in De Lekki Apartment, Ikate for sale","Lekki, Ikate",Ikate,Lekki,160000000.0,diamond,210.0,3.0,3.0,Unfurnished
"5bdrm Duplex in In An Estate, Adeniyi Jones for sale","Ikeja, Adeniyi Jones",Adeniyi Jones,Ikeja,600000000.0,diamond,300.0,5.0,5.0,Unfurnished
"4bdrm Duplex in In An Estate, Maryland for sale","Lagos State, Maryland",Maryland,Lagos State,250000000.0,diamond,250.0,4.0,4.0,Unfurnished
4bdrm Duplex in Aguda Surulere for sale,"Surulere, Aguda / Surulere",Aguda / Surulere,Surulere,250000000.0,diamond,300.0,4.0,4.0,Unfurnished
"2bdrm Apartment in In A Secure Estate, Oregun for sale","Ikeja, Oregun",Oregun,Ikeja,120000000.0,diamond,150.0,2.0,2.0,Unfurnished
"4bdrm Duplex in Inside An Estate, Ajah for sale","Lagos State, Ajah",Ajah,Lagos State,100000000.0,diamond,220.0,4.0,4.0,Unfurnished
"3bdrm Duplex in Evergreen Estate, Iyana Ipaja for sale","Ipaja, Iyana Ipaja",Iyana Ipaja,Ipaja,135000000.0,diamond,620.0,3.0,3.0,Unfurnished
3bdrm Block of Flats in Aradagun for sale,"Badagry, Aradagun",Aradagun,Badagry,31000000.0,vip,660.0,3.0,4.0,Unfurnished
Furnished 4bdrm Duplex in Magodo Phase 1 Gra for sale,"Magodo, GRA Phase 1",GRA Phase 1,Magodo,340000000.0,diamond,600.0,4.0,4.0,Furnished
Furnished 5bdrm Duplex in Ikate Lekki Lagos for sale,"Lekki, Ikate",Ikate,Lekki,650000000.0,diamond,600.0,5.0,5.0,Furnished
"8bdrm Block of Flats in Infant Jesus Asaba, Oshimili South for sale","Delta State, Oshimili South",Oshimili South,Delta State,250000000.0,False,500.0,8.0,8.0,Unfurnished
3bdrm Block of Flats in Dopemu for sale,"Alimosho, Dopemu",Dopemu,Alimosho,150000000.0,diamond,650.0,3.0,3.0,Semi-Furnished
4bdrm Bungalow in Ado-Odo/Ota for sale,"Ogun State, Ado-Odo/Ota",Ado-Odo/Ota,Ogun State,20000000.0,diamond,650.0,4.0,4.0,Unfurnished
3bdrm Block of Flats in Egbeda for sale,"Alimosho, Egbeda",Egbeda,Alimosho,225000000.0,diamond,1300.0,3.0,3.0,Semi-Furnished
1bdrm Apartment in Kaura for sale,"Abuja (FCT), Kaura",Kaura,Abuja (FCT),65000000.0,diamond,60.0,1.0,2.0,Unfurnished
4bdrm Duplex in Okota Lagos for sale,"Isolo, Okota",Okota,Isolo,300000000.0,diamond,500.0,4.0,4.0,Semi-Furnished
5bdrm Duplex in Orchid Lekki for sale,"Lagos State, Lekki",Lekki,Lagos State,400000000.0,diamond,600.0,5.0,5.0,Semi-Furnished
5bdrm Duplex in Chevron Lekki Lagos for sale,"Lekki, Chevron",Chevron,Lekki,380000000.0,diamond,500.0,5.0,5.0,Semi-Furnished
2bdrm Block of Flats in Ikorodu Garage for sale,"Ikorodu, Ikorodu Garage",Ikorodu Garage,Ikorodu,43000000.0,False,380.0,2.0,4.0,Unfurnished
6bdrm Duplex in Asokoro Main for sale,"Abuja (FCT), Asokoro",Asokoro,Abuja (FCT),1600000000.0,False,1050.0,6.0,10.0,Semi-Furnished
Furnished 2bdrm Block of Flats in Jahi By Gilmore for sale,"Abuja (FCT), Jahi",Jahi,Abuja (FCT),1300000000.0,False,1000.0,2.0,3.0,Furnished
4bdrm Duplex in Jabi District for sale,"Abuja (FCT), Jabi",Jabi,Abuja (FCT),2500000000.0,False,2500.0,4.0,5.0,Semi-Furnished
5bdrm Duplex in Maitama District for sale,"Abuja (FCT), Maitama",Maitama,Abuja (FCT),1100000000.0,False,500.0,5.0,6.0,Unfurnished
"3bdrm Block of Flats in In A Secure Location, Abule Egba for sale","Lagos State, Abule Egba",Abule Egba,Lagos State,200000000.0,diamond,649.0,3.0,3.0,Unfurnished
"Furnished 2bdrm Apartment in Inside An Estate, Ikate for sale","Lekki, Ikate",Ikate,Lekki,230000000.0,diamond,150.0,2.0,2.0,Furnished
"4bdrm Duplex in Inside An Estate, Gbagada for sale","Lagos State, Gbagada",Gbagada,Lagos State,300000000.0,diamond,250.0,4.0,4.0,Unfurnished
1bdrm Apartment in Akoka Yaba for sale,"Yaba, Akoka",Akoka,Yaba,75000000.0,diamond,120.0,1.0,1.0,Unfurnished
"4bdrm Duplex in Inside An Estate, Ikota for sale","Lekki, Ikota",Ikota,Lekki,145000000.0,diamond,250.0,4.0,4.0,Unfurnished
"Studio Apartment in In An Estate In, Off Lekki-Epe Expressway for sale","Ajah, Off Lekki-Epe Expressway",Off Lekki-Epe Expressway,Ajah,50000000.0,diamond,60.0,1.0,1.0,Unfurnished
"2bdrm Apartment in Inside An Estate, GRA Phase 2 Shangisha for sale","Magodo, GRA Phase 2 Shangisha",GRA Phase 2 Shangisha,Magodo,150000000.0,diamond,130.0,2.0,2.0,Unfurnished
"4bdrm Duplex in In An Estate, Obafemi-Owode for sale","Ogun State, Obafemi-Owode",Obafemi-Owode,Ogun State,87000000.0,diamond,300.0,4.0,4.0,Unfurnished
"2bdrm Apartment in In A Secure Location, Aguda / Surulere for sale","Surulere, Aguda / Surulere",Aguda / Surulere,Surulere,65000000.0,diamond,140.0,2.0,2.0,Unfurnished
Furnished 2bdrm Apartment in Ikate Lekki Lagos for sale,"Lekki, Ikate",Ikate,Lekki,132000000.0,diamond,1200.0,2.0,2.0,Furnished
5bdrm Duplex in Osapa london for sale,"Lekki, Osapa london",Osapa london,Lekki,450000000.0,diamond,400.0,5.0,5.0,Unfurnished
2bdrm Block of Flats in Mabushi for sale,"Abuja (FCT), Mabushi",Mabushi,Abuja (FCT),140000000.0,False,150.0,2.0,3.0,Unfurnished
"2bdrm Block of Flats in In A Goof Location, Alagbado for sale","Ifako-Ijaiye, Alagbado",Alagbado,Ifako-Ijaiye,100000000.0,diamond,648.0,2.0,2.0,Unfurnished
"4bdrm Duplex in Ogba Ikeja, Egbeda for sale","Alimosho, Egbeda",Egbeda,Alimosho,260000000.0,diamond,320.0,4.0,4.0,Unfurnished
"2bdrm Apartment in Inside An Estate, Ikate for sale","Lekki, Ikate",Ikate,Lekki,200000000.0,diamond,180.0,2.0,2.0,Unfurnished
"5bdrm Duplex in In An Estate, Osapa london for sale","Lekki, Osapa london",Osapa london,Lekki,950000000.0,diamond,300.0,5.0,5.0,Unfurnished
"4bdrm Duplex in Inside An Estate, Berger for sale","Ojodu, Berger",Berger,Ojodu,260000000.0,diamond,270.0,4.0,4.0,Unfurnished
"4bdrm Duplex in Off Unity Estate, Egbeda for sale","Oyo State, Egbeda",Egbeda,Oyo State,250000000.0,diamond,649.0,4.0,4.0,Unfurnished
"3bdrm Block of Flats in In A Good Location, Ikotun/Igando for sale","Lagos State, Ikotun/Igando",Ikotun/Igando,Lagos State,90000000.0,diamond,970.0,3.0,3.0,Unfurnished
"4bdrm Block of Flats in Serene Environment, Ikorodu for sale","Lagos State, Ikorodu",Ikorodu,Lagos State,120000000.0,diamond,630.0,4.0,4.0,Unfurnished
"4bdrm Duplex in In An Estate, Osapa london for sale","Lekki, Osapa london",Osapa london,Lekki,210000000.0,diamond,300.0,4.0,4.0,Unfurnished
8bdrm Block of Flats in Eyita Ikorodu for sale,"Lagos State, Ikorodu",Ikorodu,Lagos State,40000000.0,diamond,647.0,8.0,8.0,Unfurnished
Furnished 3bdrm Duplex in Olowora Magodo for sale,"Lagos State, Magodo",Magodo,Lagos State,140000000.0,diamond,600.0,3.0,3.0,Furnished
"10bdrm Duplex in Gowon Estate, Ipaja Road for sale","Ipaja, Ipaja Road",Ipaja Road,Ipaja,140000000.0,diamond,600.0,10.0,10.0,Semi-Furnished
4bdrm Bungalow in Ayobo for sale,"Ipaja, Ayobo",Ayobo,Ipaja,7500000.0,diamond,40.0,4.0,4.0,Unfurnished
"Furnished 4bdrm Duplex in River Park Estate, Lugbe District for sale","Abuja (FCT), Lugbe District",Lugbe District,Abuja (FCT),270000000.0,False,450.0,4.0,5.0,Furnished
"3bdrm Duplex in Inside An Estate, Ikota for sale","Lekki, Ikota",Ikota,Lekki,90000000.0,diamond,200.0,3.0,3.0,Unfurnished
"2bdrm Maisonette in Inside An Estate, Lekki Phase 1 for sale","Lekki, Lekki Phase 1",Lekki Phase 1,Lekki,240000000.0,diamond,170.0,2.0,2.0,Unfurnished
"4bdrm Duplex in In An Estate, Ifako-Gbagada for sale","Gbagada, Ifako-Gbagada",Ifako-Gbagada,Gbagada,280000000.0,diamond,300.0,4.0,3.0,Unfurnished
"3bdrm Duplex in In An Estate, Ikeja for sale","Lagos State, Ikeja",Ikeja,Lagos State,370000000.0,diamond,270.0,3.0,3.0,Unfurnished
"6bdrm Block of Flats in In A Secure Location, Ijegun for sale","Ikotun/Igando, Ijegun",Ijegun,Ikotun/Igando,100000000.0,diamond,670.0,6.0,6.0,Unfurnished
"3bdrm Apartment in In An Estate, Yaba for sale","Lagos State, Yaba",Yaba,Lagos State,195000000.0,diamond,220.0,3.0,3.0,Unfurnished
"5bdrm Duplex in Inside Estate, Maryland for sale","Lagos State, Maryland",Maryland,Lagos State,540000000.0,diamond,350.0,5.0,5.0,Unfurnished
"4bdrm Duplex in In A Good Location, Abaranje for sale","Ikotun/Igando, Abaranje",Abaranje,Ikotun/Igando,120000000.0,diamond,648.0,4.0,4.0,Unfurnished
"4bdrm Duplex in In An Estate, Surulere for sale","Lagos State, Surulere",Surulere,Lagos State,300000000.0,diamond,250.0,4.0,4.0,Unfurnished
5bdrm Duplex in Ogudu GRA for sale,"Ogudu, Ogudu GRA",Ogudu GRA,Ogudu,400000000.0,diamond,330.0,5.0,5.0,Unfurnished
"5bdrm Duplex in In An Estate, Chevron for sale","Lekki, Chevron",Chevron,Lekki,450000000.0,diamond,300.0,5.0,5.0,Unfurnished
"4bdrm Duplex in Lekki, Ikota for sale","Lekki, Ikota",Ikota,Lekki,220000000.0,diamond,230.0,4.0,4.0,Unfurnished
4bdrm Duplex in Sangotedo for sale,"Ajah, Sangotedo",Sangotedo,Ajah,110000000.0,diamond,350.0,4.0,4.0,Semi-Furnished
Furnished 5bdrm Duplex in Ologolo Lekki Lagos for sale,"Lekki, Ologolo",Ologolo,Lekki,300000000.0,diamond,600.0,5.0,5.0,Furnished
4bdrm Bungalow in Ado-Odo/Ota for sale,"Ogun State, Ado-Odo/Ota",Ado-Odo/Ota,Ogun State,22000000.0,diamond,350.0,4.0,6.0,Semi-Furnished
"3bdrm Duplex in Abiola Estate Ipaja,, Alimosho for sale","Lagos State, Alimosho",Alimosho,Lagos State,140000000.0,diamond,50.0,3.0,4.0,Semi-Furnished
6bdrm Block of Flats in Ayobo for sale,"Ipaja, Ayobo",Ayobo,Ipaja,6500000.0,diamond,365.0,6.0,6.0,Unfurnished
4bdrm Duplex in Ajao Estate for sale,"Isolo, Ajao Estate",Ajao Estate,Isolo,260000000.0,diamond,400.0,4.0,4.0,Unfurnished
Furnished 3bdrm Block of Flats in Igbo-efon for sale,"Lekki, Igbo-efon",Igbo-efon,Lekki,350000000.0,False,815.0,3.0,3.0,Furnished
"3bdrm Block of Flats in In A Good Location, Alagbado for sale","Ifako-Ijaiye, Alagbado",Alagbado,Ifako-Ijaiye,120000000.0,diamond,649.0,3.0,3.0,Unfurnished
"5bdrm Duplex in In A Call To Access, Adeniyi Jones for sale","Ikeja, Adeniyi Jones",Adeniyi Jones,Ikeja,750000000.0,diamond,603.0,5.0,5.0,Unfurnished
"2bdrm Block of Flats in Diamond Estate, Ipaja for sale","Lagos State, Ipaja",Ipaja,Lagos State,72000000.0,diamond,648.0,2.0,2.0,Unfurnished
"2bdrm Apartment in Inside An Estate, Ologolo for sale","Lekki, Ologolo",Ologolo,Lekki,120000000.0,diamond,150.0,2.0,2.0,Unfurnished
"3bdrm Apartment in Secure Location, Aguda / Surulere for sale","Surulere, Aguda / Surulere",Aguda / Surulere,Surulere,90000000.0,diamond,200.0,3.0,3.0,Unfurnished
"5bdrm Duplex in In Beautiful And, Osapa london for sale","Lekki, Osapa london",Osapa london,Lekki,1550000000.0,diamond,500.0,5.0,5.0,Unfurnished
2bdrm Block of Flats in So Easy Ayobo for sale,"Ipaja, Ayobo",Ayobo,Ipaja,55000000.0,diamond,648.0,2.0,2.0,Unfurnished
"3bdrm Block of Flats in Close To Energy, Shimawa for sale","Sagamu, Shimawa",Shimawa,Sagamu,30000000.0,diamond,1100.0,3.0,3.0,Unfurnished
2bdrm House in Satellite Town Amuwo for sale,"Amuwo-Odofin, Satellite Town",Satellite Town,Amuwo-Odofin,380000000.0,diamond,700.0,2.0,2.0,Unfurnished
Furnished 5bdrm Duplex in Osapa London for sale,"Lekki, Osapa london",Osapa london,Lekki,1600000000.0,diamond,600.0,5.0,5.0,Furnished
Furnished 4bdrm Duplex in Ologolo Lekki Lagos for sale,"Lekki, Ologolo",Ologolo,Lekki,280000000.0,diamond,600.0,4.0,4.0,Furnished
4bdrm Bungalow in Ayobo for sale,"Ipaja, Ayobo",Ayobo,Ipaja,13000000.0,diamond,320.0,4.0,4.0,Semi-Furnished
4bdrm House in Wuye for sale,"Abuja (FCT), Wuye",Wuye,Abuja (FCT),450000000.0,diamond,450.0,4.0,5.0,Unfurnished
4bdrm Duplex in Ikeja GRA for sale,"Ikeja, Ikeja GRA",Ikeja GRA,Ikeja,950000000.0,diamond,400.0,4.0,4.0,Unfurnished
"Furnished 4bdrm Bungalow in Elizabeth Royal, Osogbo for sale","Osun State, Osogbo",Osogbo,Osun State,110000000.0,diamond,500.0,4.0,4.0,Furnished
"2bdrm Block of Flats in In A Secure, Ayobo for sale","Ipaja, Ayobo",Ayobo,Ipaja,160000000.0,diamond,650.0,2.0,2.0,Unfurnished
"4bdrm Duplex in Magodo, GRA Phase 2 Shangisha for sale","Magodo, GRA Phase 2 Shangisha",GRA Phase 2 Shangisha,Magodo,600000000.0,diamond,320.0,4.0,4.0,Unfurnished
"3bdrm Duplex in Greenwich Garden, Kosofe / Kosofe for sale","Kosofe, Kosofe / Kosofe",Kosofe / Kosofe,Kosofe,130000000.0,diamond,200.0,3.0,3.0,Unfurnished
"4bdrm Duplex in Inside An Estate, Ajah for sale","Lagos State, Ajah",Ajah,Lagos State,170000000.0,diamond,270.0,4.0,4.0,Unfurnished
"4bdrm Duplex in In A Secure Location, Maryland for sale","Lagos State, Maryland",Maryland,Lagos State,300000000.0,diamond,200.0,4.0,4.0,Unfurnished
"5bdrm Duplex in In A Gated Estate, Maryland for sale","Lagos State, Maryland",Maryland,Lagos State,550000000.0,diamond,400.0,5.0,5.0,Unfurnished
4bdrm Duplex in Life Camp for sale,"Gwarinpa, Life Camp",Life Camp,Gwarinpa,250000000.0,diamond,270.0,4.0,4.0,Unfurnished
"5bdrm Duplex in Inside An Estate, Omole Phase 1 for sale","Ikeja, Omole Phase 1",Omole Phase 1,Ikeja,520000000.0,diamond,350.0,5.0,5.0,Unfurnished
"4bdrm Duplex in In An Estate, Maryland for sale","Lagos State, Maryland",Maryland,Lagos State,500000000.0,diamond,500.0,4.0,4.0,Unfurnished
"4bdrm Duplex in In A Gated Estate, Gbagada for sale","Lagos State, Gbagada",Gbagada,Lagos State,310000000.0,diamond,250.0,4.0,4.0,Unfurnished
"2bdrm Block of Flats in In A Secure Location, Egbe / Ikotun/Igando","Ikotun/Igando, Egbe / Ikotun/Igando",Egbe / Ikotun/Igando,Ikotun/Igando,110000000.0,diamond,645.0,2.0,2.0,Unfurnished
2bdrm Apartment in Ajah for sale,"Lagos State, Ajah",Ajah,Lagos State,60000000.0,diamond,100.0,2.0,2.0,Semi-Furnished
4bdrm Duplex in Trans Amadi for sale,"Port-Harcourt, Trans Amadi",Trans Amadi,Port-Harcourt,220000000.0,diamond,400.0,4.0,4.0,Unfurnished
Furnished 4bdrm Duplex in Alimosho for sale,"Lagos State, Alimosho",Alimosho,Lagos State,480000000.0,diamond,60.0,4.0,5.0,Furnished
5bdrm Duplex in Lekki Lagos for sale,"Lagos State, Lekki",Lekki,Lagos State,970000000.0,diamond,600.0,5.0,5.0,Semi-Furnished
2bdrm Apartment in Victoria Island for sale,"Lagos State, Victoria Island",Victoria Island,Lagos State,450000000.0,diamond,500.0,2.0,2.0,Unfurnished
3bdrm Duplex in Ikota for sale,"Lekki, Ikota",Ikota,Lekki,150000000.0,diamond,500.0,3.0,3.0,Semi-Furnished
Furnished 5bdrm Mansion in Maitama for sale,"Abuja (FCT), Maitama",Maitama,Abuja (FCT),2000000000.0,False,1000.0,5.0,5.0,Furnished
"5bdrm Duplex in Lekki, Ologolo for sale","Lekki, Ologolo",Ologolo,Lekki,350000000.0,diamond,350.0,5.0,5.0,Unfurnished
"2bdrm Apartment in Urban Suites, Adelabu for sale","Surulere, Adelabu",Adelabu,Surulere,95000000.0,diamond,170.0,2.0,2.0,Unfurnished
2bdrm Apartment in Gbagada for sale,"Lagos State, Gbagada",Gbagada,Lagos State,90000000.0,diamond,200.0,2.0,2.0,Unfurnished
4bdrm Duplex in Ikota for sale,"Lekki, Ikota",Ikota,Lekki,150000000.0,diamond,250.0,4.0,4.0,Unfurnished
"4bdrm Duplex in Agege Lagos, Oko-Oba for sale","Agege, Oko-Oba",Oko-Oba,Agege,210000000.0,diamond,280.0,4.0,4.0,Unfurnished
